Name,Time,Content,Repost,Comment,Like
清华常江,11-02,感谢我的老师（同时也是我的同事）金兼斌教授对我做的专访——《米兔运动、介入式文化研究与知识分子的社会责任》。算是给今年夏天我们共同经历的一切留下一些记录吧。#I’ll be your voice#,795,79,690
方可成,09-10,"美国米兔运动新进展：今年7月，《纽约客》发表Ronan Farrow撰写的报道，披露：六名女性指控CBS总裁兼CEO Les Moonves性骚扰。
 
 周日（9月9日）早上，Ronan Farrow在《纽约客》再次发布跟进报道，披露了另外六名女性的指控。
 
 几小时后，CBS宣布：Les Moonves即刻下台。CBS以及Les Moonves本人将向米兔 ...全文",31,8,88
傲慢的香菇妖,42分钟前,米兔运动，与其站在传统文化中女性立场，比如女德，所谓单纯善良自尊心等，不如借此机会来捍卫女性独立思想的重要性，面对熟人侵犯时的坚决性。这跟完美受害者没有任何关系。没人要求必须完美，但是希望妇女儿童们明白这些社会交往的能力。你在这样的社会中长大，不可能一无所知，但是出了事拿单纯善良 ...全文,0,0,0
白熊艾维,7小时前,"。虽然并不是不能理解他们的脑回路
 但是每次看到那些说“tg是先锋党”或者“（中国的）米兔是保守主义运动”的人
 都有种我们不是在讲同一种语言的感觉
 可能文化人生活的世界就是不一样吧",0,0,1
连峰盈尺,17小时前,与米兔运动结合起来看。,0,0,0
英国·伦敦,昨天 06:40,@StephanieYR: 夺回house正常，而让我开心感到希望的是，众议员将有超过100位女议员❤️ 英国·伦敦,0,0,3
斋多士,11-05,大概十年前看了翡翠台播的《盖世豪侠》，周星驰对蓝洁瑛全程痴呆脸，根本不用靠演的；吴镇宇感觉像是不敢看蓝洁瑛的眼睛..而.现实里罗也是替代品这不难推测。蓝真的让人很痛心...也再次告诉大家“米兔”运动的重要性。很多时候性不是最主要的原因，那些有权势的人觉得自己可以凌驾于一切，不把人当人！,0,1,2
火法鹅,11-05,@上善若水ZF: 现在的人真是难将就啊，人家走了电视台重播她的电视，然后一大堆人喷生前干什么去了，这就是蹭热度蹭收视吧啦吧啦的，？？恩？？tbb的收视又不是内地的，蹭你哪门子收视了，况且如果不重播到时候还不是一堆人又喷tbb无情。最重要的是，姐姐在生的时候，不也没见这些喷子义愤填膺的去帮她什么呢 ...全文,3,3,7
张鹤慈微博,11-05,"是这个理，不管是lgbt平权还是女权运动占主导的依然是中产阶级，不仅好莱坞这样国内也是这样，你看米兔，出来发声引起热议的都是中产阶级，真正受苦的还是沉默的大多数//@0boliboli0:光是在名人圈内，女星支持diversity没毛病，但你本人必须是妆容娇好的标准直女美人形象,懂没?物化女性的基础问题都没",0,0,0
刘强东案更多细节曝光 受害女生:我再三恳求他别这样,11-05,"@二手尴尬: iD那个Timothee Chalamet和Harry Styles的采访真的蛮好笑的 倒不是说明星本人怎么样 而是说中产白男只要讲几句平权就被捧成新世纪最佳heartthrob 他们两个如此 Troye Sivan也如此
 真正在struggle的minority你却很少能在媒体上见到 我求求好莱坞的恶臭大佬别再讲diversity了 装个几把",4,0,17
飞刀Ye,11-04,回复@我是野战排:我对米兔运动评价也是矫枉过正。刘强东案女方在强势暴发户的淫威下应对有瑕疵，但不是多年后的基本无证据声讨的米兔运动，而是在案发当时已有证据表明女方不情愿，也有证据证明发生性关系。女方潜意识认定小人物斗不过土豪，这个认定现在还真的不敢说一定错,2,6,7
不知道除了邮戳还能改叫什么好,11-03,@首读在线: #刘强东#『刘强东案更多细节曝光 受害女生:我再三恳求他别这样_手机新浪网』刘强东案更多细节曝光 受害女生:我再三恳求他别这样,1,1,3
财经杂志,11-03,"【娱乐真冰】最近国内米兔运动刚有点风头，就已经偃旗息鼓。毕竟，现在大家只敢打中文谐音「米兔」，而不敢 BBC说这是日本之耻, 但我们都应该看看 网页链接",0,0,0
周服老于,11-03,"文章分享《在房思琪的悲剧中，所有人都是帮凶》在房思琪的悲剧中，所有人都是帮凶
 夏天里仅持续了两三天的“米兔”运动早已过去，人们对于受害者的“反扑”也开始逐渐显现。“看客”们又开始戴上有色眼镜审视当初还不容易鼓起勇气揭开伤疤的女生们的“行为不检点之处”。
 “强暴是社会性的谋杀，社会对性的禁忌感成 ...全文",0,1,0
蓝洁瑛爱情亲情双失一生坎坷,11-03,【当安卓之父陷桃色丑闻，9000万美元离职金该不该付？】从好莱坞开始掀起的轰轰烈烈的米兔运动席卷美国，硅谷更是打头阵。安卓之父安迪·鲁宾曾对女下属有性骚扰行为，而谷歌在知悉事件后保持沉默，在四年的时间里支付给他9000万美元的离职补偿金，这个月是支付补偿的最后一个月。11月1日，谷歌员工发起 ...全文,3,0,6
邓咘栗哆,11-02,曾志伟的微博被网友攻陷了，键盘党的正义感还是很强的。米兔运动要是早一点发起，蓝洁瑛的压力或许可以早一点得到释放。,1,1,1
猫君是个好少年来着,10-31,@周服老于: 这篇#蓝洁瑛去世#回顾生平的文章有许多细节故意没有披露，几年前有记者采访蓝洁瑛，她自称被两位影坛大哥性侵过，怕麻烦不敢声张。 蓝洁瑛爱情亲情双失一生坎坷,0,0,2
接触不良小狗星,10-30,全篇金句不断，为男神打call。我看到的第一位发声的高校男教师，米兔运动绝不只是事关女性的运动，老师的责任感、正义感和对女性的尊重令人深深钦佩。,0,3,0
神气飞天猪,10-29,@清华常江: 感谢我的老师（同时也是我的同事）金兼斌教授对我做的专访——《米兔运动、介入式文化研究与知识分子的社会责任》。算是给今年夏天我们共同经历的一切留下一些记录吧。#I’ll be your voice#,0,0,0
碎碎念小欣,10-27,昨天转的视频果然被删了，作者竟然被封号了 明明全部是真实发生的案件，现在说都不能说了。国外米兔运动风风火火，国内敢提就封你号,0,0,0
南下zX,10-27,@再磕一口就跑路: 真好看 徒有琴Music的视频《【音乐剧中文翻唱】天朝渣男图鉴（原剧：《芝加哥》）》【音乐剧中文翻唱】天朝渣男图鉴（原剧：《芝加哥》）,0,0,2
天下-克罗斯,10-26,反思的部分让我非常感动。常江老师不仅仅考虑了国内的群众基础和现阶段米兔运动应该实现的目标，还考虑到此类大型共情式心理疗愈由于太易引发情绪共鸣、太快取得成效，反而有可能导致人们止步于某种情感满足的阶段，进而影响到迈向下一步的发展。在互联网上这类声音显得如此稀缺而珍贵。//@麦烧同学,0,1,1
是栗子还是Liz,10-25,@清华常江: 感谢我的老师（同时也是我的同事）金兼斌教授对我做的专访——《米兔运动、介入式文化研究与知识分子的社会责任》。算是给今年夏天我们共同经历的一切留下一些记录吧。#I’ll be your voice#,0,0,0
戳你酒窝溜你肩,10-25,是啊，从米兔运动的山巅一步跌进“不涂口红你就是个男的”的洼地……,0,0,0
文小暖儿嘿,10-25,"@木遥: 朋友圈好多人在发老东家反对职场性骚扰的 walkout。
 
 怎么说呢，回国时间长了，渐渐也能理解为什么这边很多人觉得这都是硅谷的白左发疯。主要还是参照系的问题，从这边看过去，真的很像是学渣看学霸考完试怒吼说妈的最后一道题又没答好。
 
 当然还是支持这个活动。只是这样下去，早晚旱的旱死涝的涝死。 ...全文",0,0,3
【超话】内在美,10-24,"金庸娶女招待跟伍迪艾伦娶继女是一样的，私德有亏，但跟作品没有一毛钱关系。
 
 米兔运动波及伍迪艾伦的作品只能说田园女权跟红卫兵一样的。",0,65,205
财加州,10-24,"班里一个姑娘每次做presentation时都面带笑意 我注意了许久 确认她真的有在笑。
 可是她讲的内容
 去年是豫章学院 今天是米兔运动与性侵案",0,0,0
秋色满船,10-22,"突然想起之前七月底米兔运动高潮的时候，看到一个ID叫什么果子狸的，一直反反复复在说女性站起来了我还真的觉得那会儿肯定很快就要爆发类似于法国大革命一样的女权革命运动了
 
 事实证明我又再次想多了，和以前一如既往总是常犯的毛病，就是想的特别多
 
 突然感慨。。当然战果还是有的 ...全文",4,0,0
桃花很旺旺的大魔王,10-18,#雷哥单词Relax读吧#DAY 2，今天的文章生词稍多，内容也很神奇，印度的米兔运动@雷哥英语说,17,7,83
韩国me2day,10-15,我又想起了狩猎（一部会被拿来抨击米兔运动的电影），什么时候国家能达到电影里那样对儿童保护和性侵惩戒的高度敏感，人民该睡着笑醒，而不是担心什么狗屁没边的矫枉过正。,0,0,0
最爱黄苹果,10-15,"内在美
 
 势均力敌的爱情才最好看
 
 米兔运动后 完美处理敏感话题 👏
 
 没有暗黑 全程高甜 某个点又很戳泪
 
 剧本特别棒了
 
 吴海英的部分演员 好感蹭蹭蹭",0,0,0
菲凡feiiixxx,10-15,别的屁都没学，先他妈盲目跟随左派那些运动，米兔平权lgbt! 卡瓦诺赢了，福特输了，米兔凉了。正义永在!,0,0,0
WeLens,10-14,@新浪娱乐: 【弦子麦烧现身接受采访 正式开庭时间待定】25日，弦子和麦烧同学在朱军名誉权纠纷案证据交换结束后现身接受采访，麦烧表示今天用时比预想的要长很久，原告方重新提交了相应的证据及目录，己方也提交了补充证据，法院会根据证据情况考虑是否会让朱军出席。正式开庭时间目前仍然待定，可能还会有一个庭 ...全文,84,0,23
君山笑醉狂,10-13,"终于到了最感兴趣的章节
 据说法学院只有这节课全场爆满，可惜这书还是讲得太简略了
 前段米兔运动被科普了插入说射精说等等，知道得比这里还多……
 
 违背妇女意愿都算强奸",0,3,1
塞普滩贝儿,10-12,我不觉得这是形式式的活动哈。我认为迟早有一天，这事儿得展开规划运作。国内是没有女权游行活动的，西方每次游行都有明确的主题和诉求，所以才得以在有规划有组织的情况下一步步推进实现。所以我们才有必要开会统一诉求方向，然后线上游行运动，比如米兔//@稍息-shaoxi:哈哈哈哈哈母权代表大会,0,0,0
不爱早起的虫儿,10-11,@桃花很旺旺的大魔王: @yangxinshu 你去哪里了，我好想你......,19,14,31
酒品绝佳朱虚侯,10-11,"今日小编推文:<拥有超强运动神经的体育豆们>,应用商店搜""米兔韩流""或戳评论下载链接查看.",49,107,88
一大只火药桶,10-11,这个米兔运动很有力道！下面看她是如何影响中期选举的,49,107,88
奥利弗拉明戈,10-11,@新语丝之光001: 到现在美国“我也是”运动已打掉201个有权有势的人，难怪有些人慌了。最有权势的两个（总统和大法官）并没打掉，不用慌。,0,0,0
童大焕,10-11,米兔运动在国内基本无水花的另一个原因吧//@豆你玩://@系红领巾的猴子:都是狗逼//@童话君Diahhan: 转发微博,19,14,31
微天下,10-10,"@暴烈甜心小鳄鱼毛毛: 上次蒋方舟站出来说遭遇性骚扰的事情，被群嘲。这次谢娜站出来说被性骚扰的事，依然被群嘲。
 【容貌羞辱】：不会吧？这么丑也下手？口味怎么这么重？她长那个样，谁骚扰她啊？看她长那样子吧，真恶心。
 【身材羞辱】：没胸没屁股的，又什么好摸的。下手也要找个屁股肥的捏吧。
 【年龄羞辱】：要骚扰也 ...全文",0,0,0
微天下,10-10,昨天，印度内阁部长M·J·阿克巴(M.J. Akbar)，因为针对他的一系列性骚扰指控，而辞去了职务。他也是印度米兔运动中被打倒的最显赫人物。,0,0,1
大花和小黄,10-10,从米兔运动发酵的朱军事件终于终于以正主的名字上热搜了，赶快存一下，谁知道渣浪啥时候就把这个热搜给下了。然后吃瓜围观后续。,0,0,0
童大焕,10-10,嗯这次我不站在刘瑜老师那边。我认为随着米兔运动的深入，希望达到的目的包括，提高性暴力性骚扰者的实施成本，对男权结构发出挑战；改变“我们”的想法，受过侵犯却沉默的“我们”，未受过侵犯旁观的“我们”，未实施过侵犯却不太懂边界在哪的“我们”从而影响社情舆论或许可以缓慢推动法律体制,1,4,1
麦坚利汉堡包,10-09,@纽约北大飞: 和刘瑜老师商榷：米兔不是保守主义守贞运动，也不是搞文革,0,0,1
张花耶,10-09,米兔运动已经走火入魔了，人人都以为自己会变成被男人性侵的对象。其实有时候照照镜子问问自己，会吗？迫害妄想症而已。,1,0,4
Chillax-H,10-08,@观察者网: 【美国白人女子报警“9岁黑人男孩摸了我的屁股” 然而…】10日，美国纽约的一家超市内，发生了一起无中生有的“性侵”事件。一名白人女子认为自己的屁股被一名9岁黑人男孩抓了一把，现场报警。而在她和警方一起查看监控后，才弄清原来是男孩的书包蹭到了她...微丢的秒拍视频,21,14,31
图文并茂诠释美国新任大法官政治背景与选任内幕【斑斓 · 视界】,10-08,貌似中国的“米兔”运动自打烧到“霉体圈（juan）”之后就没动静了。,0,0,0
Cordelia__Shan,10-07,如果有人趁着这阵风编造故事试图毁掉一个无辜的人，当谎言被揭穿之后，对米兔运动本身也是一种伤害，其他真实受害者所说的，也将会受到质疑,0,0,0
佛山雅治,10-07,"昨天三节课嘤嘤嘤语言学一节课感觉有三个小时
 但是开学第一次垒球训练了！！
 还是那种纯粹运动的快乐鸭
 精读了一篇米兔的新闻 还深入到了党派斗争真的很有趣了
 回想一下我们真的还是任重而道远啊
 米兔 needs a path towards atonement or absolution.
 语言还是一如既往的妙",4,50,33
#不考究的脑洞#,10-07,从事后来看，我们最近已经看到的大部分米兔运动，一开始就动机不纯，包括特朗普提名的大法官被米兔。下面这个则是“求爱“不成恼羞成怒的例子。它越来越呈现出魔鬼的面目。相当程度上，米兔运动可以成为无成本陷害运动，指控人甚至不露真实身份和姓名，躲在暗处放冷箭却不受任何惩罚，也不需要对被米兔 ...全文,0,0,1
Orz的转角_无毒无公害,10-06,【梅拉尼娅谈米兔运动：若要指控他人性侵 得有证据】10日，美国ABC电视台播出了一段与美国第一夫人梅拉尼娅的专访，其中梅拉尼娅首谈“米兔运动”。她表示，支持在运动中发声的女性，认为她们的声音应被听到，但同时称，“如果你想指控他人性侵，必须有确凿的证据…” 梅拉尼娅：若要指控他人性侵 得有证据,0,0,0
燕北新媒体,10-06,【梅拉尼娅谈米兔运动：若要指控他人性侵 得有证据】10日，美国ABC电视台播出了一段与美国第一夫人梅拉尼娅的专访，其中梅拉尼娅首谈“米兔运动”。她表示，支持在运动中发声的女性，认为她们的声音应被听到，但同时称，“如果你想指控他人性侵，必须有确凿的证据…” 梅拉尼娅：若要指控他人性侵 得有证据,0,0,0
Sherlock3003,10-05,其实吧，米兔运动的主要被控方一般为男性。建议男性注意自己的言行举止呀，不要单独和女性相处呀，最好在有摄像头的地方沟通呀，穿着打扮不要让女性误会呀，这样就不会给女性诬告男性创造机会了嘛。男人们先要保护好自己，女人们怎么可能搞米兔嘛。你们说对不？,0,2,0
是个小猪包,10-05,@童大焕: 从事后来看，我们最近已经看到的大部分米兔运动，一开始就动机不纯，包括特朗普提名的大法官被米兔。下面这个则是“求爱“不成恼羞成怒的例子。它越来越呈现出魔鬼的面目。相当程度上，米兔运动可以成为无成本陷害运动，指控人甚至不露真实身份和姓名，躲在暗处放冷箭却不受任何惩罚，也不需要对被米兔 ...全文,0,1,14
咱说,10-05,从事后来看，我们最近已经看到的大部分米兔运动，一开始就动机不纯，包括特朗普提名的大法官被米兔。下面这个则是“求爱“不成恼羞成怒的例子。它越来越呈现出魔鬼的面目。相当程度上，米兔运动可以成为无成本陷害运动，指控人甚至不露真实身份和姓名，躲在暗处放冷箭却不受任何惩罚，也不需要对被米兔 ...全文,1,2,6
niceyoonalim,10-05,有些人总是爱把对错善恶与某个集体甚至与国家民族挂钩，学校出了丑闻了，不急于惩罚制裁施暴者，反倒先对受害者指指点点🙃“你现在把这件事公开，闹大了怎么办，学校对你不好吗🙃”都多久了，我们一个西方文论老师还在课堂上说“现在的中文系堕落了，那么多人参与了米兔运动”,0,1,3
橘子走路,10-05,"@-公元1874-: 学着做一个地球人，欣赏全世界所有美好的东西。不要把自己困在某个地方，不要让某种身份来代表自己。你是你自己，不是刘处长，不是一本大学的学生，不是东北人或苏南人。勤劳善良是一个人基本的素质，不是什么中国人民的传统美德。
 世界上有很多值得我们了解的东西。没有哪个地方是完美的，没有哪个地 ...全文",2,1,11
当代陌生人,10-03,"我要发起米兔运动了：
 我（男）上班被男经理（gay）摸了屁股
 等着我的起诉书吧！",2,18,24
Suki你说呢,10-03,“在“米兔”运动如火如荼的今天，福特女士在国会作证时，没有一个人敢质疑她是否撒谎，没有一个共和党参议员敢深挖破绽，交叉盘问，或者质疑未遂性侵事件可能确实发生过，但15岁小女孩酒后有可能记不清楚时间、地点和涉嫌人。即使卡瓦诺也不敢质疑福特女士是否诬告，只能说她是不是认错人了？”,4,5,1
肉食性蝴蝶,10-02,"@有限次重复博弈: 陈伟这篇写的太透彻了，了解卡瓦诺了解美国政治
 图文并茂诠释美国新任大法官政治背景与选任内幕【斑斓 · 视界】",3,0,2
澳大利亚SBS广播公司,10-02,所以在这个米兔运动的作用下，就算最高法院的确就他高中时性侵行为进行了听证，卡瓦诺还是当选了美国最高法院大法官。我们看到的仍旧是一个男权至上的现实，女人再怎么反抗，男人，白人男性还是要站在顶端。哪里都一样。但是，勇于反抗的女性们，你们才最值得尊重。,0,0,0
muyang51,10-02,#不考究的脑洞#《让子弹飞》里六爷刨腹自证只吃了一碗凉粉，血流成河，诬告者还说我知道你只吃了一碗，但是你输了。既然“自证清白”是一种心理控制，为什么有时候法律还要求“自证”呢，无罪推论也是近几年才认真讨论，想想觉得瑟瑟发抖。欧美一部分的米兔运动似乎也陷入自证清白怪圈，反而脱离了一直 ...全文,0,7,31
澳大利亚SBS广播公司,10-01,开课第一节开头就讲米兔运动海星,0,0,0
鄭峻,10-01,#四眼看天下# BBC纪录片《日本之耻》这部豆瓣8.9的纪录片记录了一个日本记者的维权之路。25岁的伊藤诗织在一次工作晚会上被时任东京广播公司华盛顿分社的社长、日本首相安倍晋三的传记作者山口敬之Q J，提起Q J诉讼却被压下来，2017年召开媒体发布会公开提出Q J控诉，震惊日本。随着米兔运动的发展，外 ...全文,4,0,3
王艳-博士猫,10-01,持续关注。米兔已经一年，这是我看到的唯一一起进入法律程序的被“米兔”人反告诽谤案。本案的结果将对整个米兔运动产生影响。,0,0,0
傻缺3Y大智若愚,09-30,"@看电影: #围观# 杰弗里·拉什状告新闻集团旗下澳大利亚《每日电讯报》诽谤一案又起波澜。据悉一名新闻集团澳洲律师上月已前往美国对拉什展开调查，希望能获得拉什诉讼案的其它证据。
 
 去年《每日电讯报》刊登文章称拉什在2015年参与悉尼剧院舞台剧《李尔王》演出时，曾对女演员艾琳·简·诺维尔有过“不恰当行为” ...全文",0,7,0
大肚子蝈蝈,09-30,"一个人被欺负最主要的原因是对方预判他没有反击的能力，跟你是男人还是女人关系不大，米兔运动中有那么多女生站出来，还不是因为占有强势地位的大部分都是男人。
 这世界从来都是丛林法则，光喊我被欺负了有什么，重要的是蓄力成长努力占领高位。",0,0,1
这里是三岁的微博,09-30,作为一个一贯倡导权利平等和米兔运动的坚定支持者，看到这种屁股决定脑袋的女权主义者真的感觉像吃了一坨屎。不客气地说，无脑的女权主义者恐怕和无脑的反女权主义者一样多。而我则认为，在无脑这个问题不能比较好地解决之前，在本身就很糟糕的社会环境之下，平权其实是挺遥远的梦想。所以，支持平权、 ...全文,18,1,30
锅盖头,09-30,没想到这四个字上了热搜，一开始米兔运动时候看到这四个字就很感动，想到了前两天看的桃李不言，里面说身为女性更应该帮助女性，总有人说女权主义什么的，女权主义不是女性至上而是我们也拥有享受平等的权利。,0,1,1
小钢炮觉得开心就好,09-30,"@七百里加急递煎饼: “别害怕，姐姐来了。”— 声援反对梨花大学后门入学的学妹
 
 “我是你未来的老板，不是你未来的老婆。”— 反对被当作豪门贵妇的培育地
 
 “我的生活，不是你的A/V” — 反对日益严重的针孔偷拍等犯罪
 
 “所有韩国男人都是罪犯，拍摄的人，上传的人，看的人，袖手旁观的人。”— 声援具荷拉或像具荷 ...全文",18,1,30
The-Portrait-Of-A-Lady,09-30,"今天米兔运动如火如荼，女性及整个社会对于性侵的认识已经达成了共识：侵害者有罪，受害人纯然无辜，不要污名化受害人。
 
 ——@作家陈岚",0,1,1
平清信,09-29,日本人在某种程度来说更加清醒，以前很佩服这种清醒，现在觉得这种清醒特别丧。这种清醒让人丧失对生活的热情，像米兔这种运动日本永远不会是发起国。,0,0,1
牛轧果,09-29,@当代陌生人: 日本太丧了，沉迷于日本那段时间，不自觉的会对人频繁道歉。,0,3,2
JulianneMoore中文站,09-29,#米兔運動##米兔运动中国化# 补充一些进化学研究，以下来自《进化心理学》戴维 p354,0,0,1
海边的维他命,09-29,"我不会指责任何一个全盘相信女性当事人的观点，因为我支持米兔运动。但凡不是你罗但凡我对他没有这么了解我都会站女方和弱者。
 甚至这次事件过后再有类似的事，我或许会多一点思考，但大概率依然会优先站女性和弱者，而非被指控的男方和强势方。
 
 我唯一质疑的，是本身是罗黑、隔壁球迷等等，然后在这 ...全文",0,0,0
JulianneMoore中文站,09-28,【米兔一周年：在新西兰，我们永远不会庆祝！】米兔运动自去年10月发起以来，已经一周年。来自中国的活动家说，现在网络上中国的米兔事件几乎一个月一起，因此，是不可能被禁声的。新西兰总理雅登说，虽然在新西兰 me too运动有进展，但是还有很长的路要走，没有什么好庆祝的。网页链接,1,0,1
海边的维他命,09-28,美国的米兔运动，看到一个观点，“一切都要讲证据”一个弱势的女演员指控一个导演，大家纷纷战队，“天哪，她居然敢勇敢地站出来，需要多大的勇气”纷纷站队谴责导演，要把导演送上绞刑台，她弱，所以她说的都是对的；后来一个17岁的少年指控这个女演员，大家又把枪口指向女演员如果有一天 ...全文,1,0,4
毓米书院,09-28,【SBS新闻早知道（10月5日）】昨日悉尼一医院警察向一个动刀男子开枪/ 联邦反对党承诺，赢得选举就把学前班入学年龄降至3岁/ 米兔运动自去年10月发起以来，已经一周年/ 美国副总统彭斯指责中国企图破坏美国总统特朗普的贸易政策。网页链接,0,0,2
红袖添饭就是龟毛,09-28,"川普公开嘲讽“疑似性侵受害者”福特女士出于政治目的诬陷卡瓦诺之后，主流媒体痛斥他是无耻，民主党人也纷纷予以谴责，其中还包括了共和党人Flake。如果不出意外的话，接下来应该是报道福特痛哭流涕，然后女权主义和米兔运动愤怒抗议了。
 Flake也是个很有意思的角色。因为长期与川普不和，Flake在自己 ...全文",2,7,3
aspen6868,09-28,回复@祀宁:假如女人不自强自立自爱，岂不是可以屈服于性骚扰，继而通过屈服而得到实惠了？那么这轰轰烈烈的米兔运动又在折腾什么呢？你把俺喵星人搞糊涂了。假如面对性骚扰的第一反应是“懵”，没有反抗，那么男人又如何知道女人不愿意呢？假如发展到“强奸”，女人没有反抗，又如何判断是否出于自愿？,1,0,0
Nevim-Eskul,09-28,@弦子与她的朋友们: 关于“如何保护自己不受性骚扰伤害”的心得，一篇完完全全的“实用文”，是怀着想要保护自己的妹妹的心情写出的文字。感谢QQ的约稿、感谢@MattersLab 的潔平老师的指导，想对所有女孩说，我们会努力创造一个更好的世界；想对所有和我有类似遭遇的女孩说，保护好自己的心；想对大家说，请让她们发出声音 ...全文,10,15,15
littlekidrock,09-27,无关粉丝之间的斗争 这是社会事件 认真看了完整的受害者起诉书 静看结果吧 真的难受 米兔运动轰轰烈烈的时候 受害者才敢重新站出来 如果这都不能还她一个公道 太令人绝望而心寒了 女性在这种事情上永远是处在弱势一方 何况对方还是这样一个球星 不想看新闻底下的评论 真的恶臭,10,0,34
拜金二俊,09-27,"@观察者网: 【美国警方重启9年前C罗强奸案调查】美国女子凯瑟琳·马约尔加日前指控C罗2009年在拉斯维加斯对自己实施强奸；当时C罗付给她37.5万美元封口费。当天晚间，C罗通过社交媒体对强奸指控表示否认，并称对方只是想靠蹭他热度出名。昨天拉斯维加斯警方宣布对此案重启调查。
 
 拉斯维加斯警方的通告中称，由于当 ...全文",0,0,2
恨天111,09-26,米兔运动在美国有这条件可以不惜代价搞得轰轰烈烈，当然主要还是通过舆论而不是法律，把性侵案推动成为一场广泛持久的社会运动。卡瓦若牵涉到党派利益更是引人注目，似乎值得长篇大论。可惜的是凯文·史派西，再也看不到他的出色表演了。,0,2,1
Caraca-,09-26,@赵丹赵丹喵: 《写在一场历史性的听证会之后》：卡瓦诺事件让我看到，我所熟知的两个社会，中国和美国，存在着水火不容、又针锋相对的两派。但听证会的本质是一场民主程序，判断“卡瓦诺到底有没有性侵”、以及卡瓦诺究竟是否适合做大法官，本质上还是每一个普通民众自己内心的主观判断。我佩服Dr. Ford的勇气，因为 ...全文,0,0,0
PEKSNA常旅客,09-26,"《李茶的姑妈》是我看过的年度最烂片。
 有一种很奇怪的现象:在米兔运动势头正热之际，这样一部充满性骚扰和性暗示以及极度将女性物化以通过女性受辱还造梗的电影竟然还能得到一众好评，难道米兔运动的势头都是一种假象？
 说他低俗与恶俗并不因为性，因为性本身就是一件可以很美好的事情。",0,0,1
鄭峻,09-26,由米兔运动可以看出妇女在中国的处境是很悲惨的，高层根本没想解决问题，只是解决那些提出问题的人，同样的事情还发生在退伍老兵 上访人士身上。在中国，政府只会允许自己发动的社会运动存在，比如当年的反日反美游行,0,0,0
纽约北大飞,09-26,还好我没有粉过任何男明星男演员男名人！人造偶像再怎么样也是人。就算米兔运动的反对声和争议极其大，我也要支持这个运动就如文末所说，因为一个人太单薄，一群人聚在一起就有了力量//@人间模拟器:“我99%的时候都是好人，剩下1%的时候不知道发生了什么”，标准台词,0,0,0
不想女汉子,09-26,"@肆客足球App: 【C罗性侵案始末：九年煎熬后的发声】
 
 文：卡玛斯长毛狗
 参考资料：《明镜周刊》（Der Spiegel）",2,0,6
Ventanilla,09-25,"刚刚发现这条消息被屏蔽了，限制表达难道不属于矫枉过正？
 米兔运动",0,6,1
恶魔松鼠,09-25,说个故事 中国的女权和米兔运动，说实话还好本人很多东西见过看过不然还真承受不了你们这帮极端份子的压迫,1,1,0
叁個贰叫地主,09-25,"最近发生的几件事让我觉得女生在这世界上活得格外不易 原先认为国外的米兔运动太过激烈矫枉过正 现在才发现正是以这种席卷而下斩草除根一个也不留的态势才能拔除不该有的毒瘤
 可这样渣滓还是很多 更遑论国内了
 有时候真的觉得活在即将凝固的混凝土里
 那种深压的窒息 感到生命受到束缚和努力活下去的挣 ...全文",1,0,0
MAnchor_,09-25,【视频】摩尔拍摄Porter杂志花絮，谈论了自己对于米兔运动的看法JulianneMoore中文站的秒拍视频,2,0,2
MAnchor_,09-25,"没想到在我Ins的timeline上
 刷到的第一个关于 卡瓦诺听证会 的相关内容
 是来自“麦瑟尔夫人”
 
 前两天看到有个观点是
 如果这场争论 最终被发现是一场彻彻底底的欺诈诽谤
 无疑是对轰轰烈烈的米兔运动的一次重大打击
 
 希望不要让一切变得不可控
 让正确的事物运行在正确的轨道
 不要风声鹤唳
 往前走吧姑 ...全文",0,0,0
美国侨报网,09-23,【视频】摩尔拍摄Porter杂志花絮，谈论了自己对于米兔运动的看法JulianneMoore中文站的秒拍视频,2,3,4
我仿佛是个假人98,09-23,"没想到在我Ins的timeline上
 刷到的第一个关于 卡瓦诺听证会 的相关内容
 是来自“麦瑟尔夫人”
 
 前两天看到有个观点是
 如果这场争论 最终被发现是一场彻彻底底的欺诈诽谤
 无疑是对轰轰烈烈的米兔运动的一次重大打击
 
 希望不要让一切变得不可控
 让正确的事物运行在正确的轨道
 不要风声鹤唳
 往前走吧姑 ...全文",1,2,11
XG姬虐虐,09-22,回复@可笑的撅腚大国:我理解你的观点。鄢烈山表达过和你相似的观点，他说女性被侵害后，第一时间不说出来，过许多年后才说就是耍流氓。可参考米兔运动，一些女性侵害后因害怕不敢说出来，许多年后才发出声音的。哪怕在案发不久，这类事情搜证也特别困难，原则上应偏向女性。,0,0,0
无故事王国露珠,09-22,@微天下: 【美参议员听证会后被性侵受害者“围堵”：这事关国家未来】在针对卡瓦诺性侵案的参议院听证会后的第二天，亚利桑那州参议员Jeff Flake在乘电梯时遭两名女性“围堵”。这两名女性曾是性侵受害者，她们质问Flake，“你怎么能让他不承担责任？…这关乎国家未来！” 美参议员听证会后被性侵受害者“围堵”,3,0,0
譯者Ianni,09-20,评论真是没眼看啊，没证据只凭一张嘴就想证明他人有罪、至少也是道德水平不配做大法官？为什么不说她提供的证人都否认指控了？为什么不提她时间地点全不记得？为什么不提她选择性害怕坐飞机？就因为她是女人且号称被性侵了？我并不绝对相信卡瓦诺，但福特也证明不了她更值得相信，米兔运动不是政治工具,0,0,0
见一er,09-19,"@黄小邪在纽约: 这世界的性别双标真让人绝望，无论中美。
 
 一位所谓有头有脸的、被多名女性指控性骚扰的中年男性，无论他声泪俱下、厉声咆哮、粗鲁地不断打断别人说话，都是“爷们儿”的。不妨碍他可能会成为联邦大法官。
 
 试想一位女性这样表现，一定被定位为不适合从政的“无理性没教养的泼妇”了吧……",0,1,1
寂静贝拉,09-19,近日看到诸多指证大法官性侵的报道，完全没证据的女证人可以来指控，男人们要拿证据自证清白。民主党利用米兔运动为政治服务。男权要不得，女权同样邪恶。,0,0,0
华尔街叛徒,09-19,米兔运动原则上是支持，但是某些人不要觉得自己占据一定程度的道德高地就可以骑到现代法治原则和最基本的decency头上拉屎。,0,0,0
--来去匆匆--,09-18,是的。我早说过反对米兔运动。米兔运动就是民主党捞快钱和玩政治的工具。//@诗姐八美国政治: 回复@大智若愚AE:米兔运动正是想改变法律程序，任何女人可以无证据指控男人性侵，男人却必须拿出证据证明自己清白。民主党利用米兔运动宰杀男人，为政治服务。这样下去很糟糕，一个女权粉红色恐怖社会。,0,0,0
一个很棒的街访，内容☞在中美，性骚扰有多常见，关于米兔运动的看法等,09-16,"@诗姐八美国政治: ""如果民主党为了控制最高法院愿意宰殺一个法官楷模；想象一下为了控制国家，他们愿意干什么？”",0,0,0
布拉佛斯搬砖工,09-15,有句港句，米兔时间长了一定会被用作政治攻击手段，这不是米兔本身的问题，任何运动都会被政客利用。里面牺牲的最大无辜者还是运动中真正的受害者，一旦米兔被发现有几位借机构陷的，所有案例瞬间变成“狼来了”，真正的受害者要接受全社会变本加厉的人格审判，可是哪里有那么多完美受害者。,601,72,334
二十画先生,09-14,米兔运动始于美国，也会终与美国。大法官提名的性侵闹剧会重创米兔，女人也不是天使，一样会用下三路来作恶！,1,3,8
留烽,09-14,我对女性崛起始终是看好的。今年的米兔运动，张雨绮、林青霞、毛晓彤，甚至LXL，都在撕开一个个口子。女人可以直面自己的欲望，女人可以活的爽，女人不用自己挣钱还依然处处忍着男人。每个女人都可以从自己做起，让女人整体过得更爽快。,1,1,0
有一只大熊,09-14,当年上学的时候，看Anita Hill的听证会，我觉得有更多的积极意义，从学校到公司，都开始进行反性骚扰的教育，也才有现在的米兔运动。但今天看直播及看最近的相关新闻，就是一场一个党派发起的一场政治谋杀某个大法官候选人的运动，与50年前的另外一场运动异曲同工。,43,50,53
无心之然,09-14,@纪春生在美国: 今天都在看电视。,1,1,3
马二是花痴,09-14,"激烈维护卡瓦诺的共和党参议员格拉汉姆在听证会结束后，遭到米兔运动人士抗议。
 今天的性侵指控听证会，有不少米兔运动和女权人士前来支持Ford女士。 网页链接",1,3,8
不起名了我就是______,09-14,我怎么觉得不是我们要在支持者中引发纷争，倒是章某要在受害者中引发纷争呢？同时，每位具体受害者获得的同情不是孤立的，是来自于公众对米兔运动受害者整体的同情。所以对章某的这种“支持”，还是不要感恩戴德为好。//@bambi_lin4:从受害人角度说，现在不是在支持者中引发纷争的时候吧,1,1,0
咱说,09-14,@没有羊先生: 章文——2018年”我最喜爱的性侵受害者”评委会主席。,43,50,53
法律出版社,09-14,在微博上学会了一些词：1:婚姻中实用主义。2:繁殖恋。3:颜性恋。4:警示作用警醒世人。5米兔运动。 泸州 · 钟鼓楼,1,1,3
Love_闫永亮,09-13,小姐姐加油~前段时间韩国一个导演就被判刑了呢 世界米兔运动风生水起时中国一片沉寂啊 希望看到进展😋,1,7,62
微天下,09-12,@弦子与她的朋友们: 这是昨天领起诉书的时候记者跟拍的一段采访，当时虽然在笑，但内心情绪还是很忐忑的…无论如何还是谢谢记录，也要谢谢大家的支持，接下来要鼓起勇气做一个负责任的公民，为了哪怕一点希望，也要把该做的持下去。网页链接 弦子与她的朋友们的秒拍视频,1,2,0
潇男-无涯,09-12,你是最勇敢的女孩，是中国女性的标杆，是米兔运动的践行者和奠基人。,4,5,6
法律出版社,09-12,@头条新闻: 【朱军被指性骚扰事件当事女生露脸发声：从没想过跟朱军和解】9月25日，当事女生@弦子与她的朋友们 向法院递交起诉朱军的材料，索赔5万元。当天，她称也收到朱军索赔65.5万元的起诉书。弦子选择露脸发声，她说希望有机会同时成为原告和被告。“哪怕有5%的可能性赢，都会冒险去做这个事情”。截至发稿， ...全文,31,12,43
Love_闫永亮,09-11,不管官司输羸，在我心里都是米兔运动的进步。需要众筹的话，算我一份,2,1,3
微天下,09-11,@弦子与她的朋友们: 这是昨天领起诉书的时候记者跟拍的一段采访，当时虽然在笑，但内心情绪还是很忐忑的…无论如何还是谢谢记录，也要谢谢大家的支持，接下来要鼓起勇气做一个负责任的公民，为了哪怕一点希望，也要把该做的持下去。网页链接 弦子与她的朋友们的秒拍视频,0,7,3
潇男-无涯,09-08,"这个社会应该给女性说“不”的权利 这个字不仅仅要让别人听见 还代表女性的拒绝和不妥协 女性也要方方面面坚强起来 这个“不”既是态度更是行为 这个字代表着 你侵犯我 我必斗争 你打压我的声音 我更要斗争到底
 北流事件 米兔运动有感",0,0,1
夏日之阳新闻传播考研,09-08,"这个社会应该给女性说“不”的权利 这个字不仅仅要让别人听见 还代表女性的拒绝和不妥协 女性也要方方面面坚强起来 这个“不”既是态度更是行为 这个字代表着 你侵犯我 我必斗争 你打压我的声音 我更要斗争到底
 北流事件 米兔运动有感",0,0,2
我老弓长,09-07,"因MeToo被曝光 “天才老爹”入狱【突发美国】
 9月25日，美国老牌喜剧明星，81岁的“天才老爹”比尔·考斯比因性侵被判3至10年监禁，这是“Me too运动”开始以来第一位入狱的名人。另外还有50几名女性表示几十年前曾被他性虐待过，然而都因为时间久远无法提起公诉。#好莱坞#考斯比一家 #米兔运动 ...全文",26,4,3
鄢烈山,09-07,"麦烧撇清女权，随便啊。
 
 米兔这个运动我不会因为一些脑残而抛弃的。
 
 我支持的也不是她这个人，而是这件案子背后的意义，我会一直一直支持下去。性骚扰的畜生们可能永远都不会消失，但是如何公正公平去处理性骚扰这种侮辱人的案子是我们每个人都应该关注的。
 
 但同时，我确实觉得悲哀。女权怎么了？居 ...全文",0,0,4
036 | 我杀死了邓飞,09-07,借着女权米兔运动的东风把事情闹大了博到了关注引起了各方面注意，这还没成功呢就急着撇清和女权的关系，我就纳闷了，不都是过河拆桥吗，这河还没过就要拆桥了？女权就这么恐怖吗？女权主义者在你们眼里是恐怖分子吗？当初没有女权者的持续跟进关注能有今天吗？寒心啊，一次次,26,22,153
童大焕,09-06,@麦烧同学: 社会和人是互动的关系，人组成了社会，社会群体又影响了人。你想要什么样的社会不是靠对天喊出来，而是要做出努力。我做这个事情不仅仅是为了女性权益，也是因为不想生活在猥亵犯不能得到惩罚女孩们被随便摸来摸去的社会环境里。开始至今，接受了律师和很多朋友的帮助，法律风险和相应的费用是我来承担 ...全文,0,0,0
036 | 我杀死了邓飞,09-06,从米兔运动就能看出惯犯数量之大，而且无处不在。//@眼科小超人老梁://@币圈加特林冒蓝光哒哒哒哒哒：大东子，看来是惯犯啊。妈的，打脸了，我高估这群企业家的道德素质了……细思极恐,30,18,80
我是二姐夫,09-06,@新财富杂志: 【路透社曝光刘强东案细节：女生微信称遭强迫】9月24日，路透社公布了刘强东性侵案的更多细节。文章称，21岁的明尼苏达大学女学生半夜向好友发微信称，刘强东已强迫她与其发生性关系。受害者被拉入了刘强东的车里，“在车上他开始碰我，我说了拒绝”。当事女生说：“如果只有我自己，我会自杀，但是我 ...全文,0,0,0
龚晓跃,09-06,#米兔# 一周年了，提名人卡瓦诺遭遇米兔是对这个运动的最高层次检测。,0,0,3
贾圆圆的微博,09-06,@鋆言天下: 里根和南希的女儿Patti发文支持大法官提名人的指控者，披露自己年轻时曾被强奸，当时也没有发声。贵如总统女都如此，平民也不提了。网图,0,0,0
身体力行做绿色环保,09-06,前几天看了一个视频，国外大学生对米兔运动的看法！突然觉得我的思想和人家大学生比差的很远很远！每次出轨的事情一爆出来，我发现，大部分人的思想真的是low爆了！,30,18,80
我是二姐夫,09-06,很多女性，努力生活，小时候刻苦学习，长大努力奔事业，然后，她们发现这个男性主宰的世界里，她们处处不容易，她们开始争取平等权利，大多数时候，这样的女性很平凡很努力，这里面漂亮的在职场会受到更多的骚扰（米兔运动呼应者）。大多数漂亮的女人，都知道魅力会带来多少的方便，事实上生活中大量廖 ...全文,0,0,0
Dog_on_fire,09-06,"估计Kavanaugh性侵指控可能成为米兔运动的一个小转折点。
 性侵当然很可恨，而且经常很难取证立案，定罪更难。但是米兔搞成女人指控即有罪，过分了。出现几次高度曝光的指控不成立，可能能够达到一个平衡点：男人能感觉到被指控的实际危险，但指控并不自动有罪。
 女人说话就是真实，呵呵。",0,0,3
传播学考研就找瓦洛佳,09-06,一个很棒的街访，内容☞在中美，性骚扰有多常见，关于米兔运动的看法等 一个很棒的街访，内容☞在中美，性骚扰有多常见，关于米兔运动的看法等,0,4,4
生命如歌Alex,09-06,在中国，米兔运动最大的阻碍甚至不是法律不是政府，而是那些大众根本意识不到自己受到了侵害，自己这种行为是侵犯。这种性骚扰已经成了约定俗成的习惯，甚至受害者都会不经意间去维护，道阻且长啊,1,1,3
童大焕,09-06,@Hithere街访: 【Part.1】在中美两国，“性骚扰”的现象到底有多普遍？ Hithere街访的秒拍视频,0,1,5
孙二娘不做叉烧包,09-06,"无论是网约车案发，还是铁路霸座，带来的是一场场网络追讨或狂欢，根本原因是民众承受的生活重压与不公无处排遣，只能寄托于“互联网法庭”发泄情绪，以便体验撼倒大树或虐爆过失者的快感。这种生活无趣和精神世界匮乏引发的伪高潮，对推进社会进步没多大作用。
 相比之下，中国的""米兔""运动、假疫苗追 ...全文",37,32,128
不語不荒,09-06,两位女生都是无辜的。两个男的涉嫌性骚扰，应该抓起来，以儆效尤。米兔运动家这时候应该发声了//@--於菟-:对//@楞伽庵外 :廖不无辜//@hokusoem :abcd都一样，觉得廖蕾无辜的麻烦双了我，尤其是女生，大家在同一起跑线上，性（别）优势获取利益，等同行贿，不和师兄耳鬓厮磨的姑娘们做错了什么？,0,2,1
生命如歌Alex,09-05,@ISABELLE翠: 忍不住了，借今天这个瓜测下三观。大家来回复里找三观一致的人吧。大家觉得这个瓜里，从最败坏到最无辜排序要怎么排？a：蓝衣投资总监。b：黄衣新财富第二。c：清华美女兔子君。d：拍视频并传出去的ice小姐姐。,0,1,1
童大焕,09-05,（转载）没错。俞飞鸿的意思应该是人权比女权拥有优先权，进一步的意思是，等实现了基本人权，女权自然而然就实现了。但如果她了解到美国妇女直到上世纪二十年代才拥有选举权而直到今天米兔运动还方兴未艾，她可能就要掂量一下这句话了。女人尚未涵盖在人的基本概念中，女权也就无法萌受人权的恩泽。,2,1,3
孙二娘不做叉烧包,09-05,"@侯虹斌: 俞飞鸿是我的女神，这段话很对，男权女权都是人权，关心人权就行了。
 不过，得先把女人算进“人”里面，算进平等的“人”，你谈的“人权”才跟女人有关啊！否则，“人权”等于男人（man）的人权，人权好不好，也跟女人关系不大啊。",0,3,1
不語不荒,09-05,前段时间还看满屏的米兔运动，这两天就开始喷拍摄视频的人了，真有意思,15,8,31
米兰扬,09-05,"男性永远不会有米兔运动，
 男人都乐不颠的被性骚扰，
 如果不是美女，而是二百八十斤的女死胖子，
 大概当时不被打死，
 现在也被口水喷死了。
 说到底网络上“颜值即正义”。
 美女检察官，美女总统女儿，美女死者…
 现在多了个美女性骚扰者。",0,0,1
大小fa,09-04,米兔运动在韩国是如何宣传的？【韩国网剧】有点敏感也没关系 EP.12 [完结啦],0,0,0
鎏囍潆,09-04,"当当当挡，本人翻译制作的第一支The Art Assignment小视频出炉，转发分享给更多的人就是最大的支持！
 
 之所以会忍不住翻译这支视频，是因为它探讨了一个很辛辣尖锐的议题：
 
 如果一个艺术家做了或者做过坏事，你将如何看待他的作品与他这个人？
 
 在声势浩大的米兔运动中，一些大神级艺术家也落下马来。 ...全文",0,0,0
买买提X,09-04,【米兔运动烧到法律界？特朗普大法官提名人卡瓦诺卷入丑闻】9月13日，美民主党一参议员称，接到一份匿名信，指控特朗普提名的大法官卡瓦诺在17岁时，曾在聚会中将一名女性监禁。该信已转交FBI。与此同时，卡瓦诺也被指控，对于其密友，另一联邦大法官的多年性侵行为熟视无睹。米兔运动烧到法律界？特朗普大法官提名人卡瓦诺卷入丑闻,4,3,41
醉阑更醒_放轻松,09-04,【“腾讯99公益日热度下降了？” “好着呢”】今夏是公益界的多事之秋，先有“米兔运动”的洗礼，后有“黑土麦田”等争议事件，有学者将之称为“公益偶像的黄昏”。据以往的经验，公益丑闻频发往往直接影响公众的捐赠热情。所以，在今年的腾讯99公益日之前，很是有人担心，今年公益机构的筹款额会低于 ...全文,0,1,1
svetlana啦,09-03,【米兔运动烧到法律界？特朗普大法官提名人卷入丑闻】13日，美民主党一参议员称，接到一份匿名信，指控特朗普大法官提名人卡瓦诺在17岁时，曾在聚会中将一名女性监禁。该信已转交FBI。与此同时，卡瓦诺也被指控，对于其密友，另一联邦大法官的多年性侵行为熟视无睹。下周，参议院将对是否要确认卡瓦诺 ...全文,0,5,1
黄蕉风,09-03,【潇男.戊戌.秋】中国式米兔运动，忽如一夜雷暴来，多少人瞬间露出獠牙，多少人一夜之间被推向菜市口！ 岁月很长，真理很厚，人性很深……那些自认为在这场运动中掌握着绝对真理的人们，咱们且行且观且琢磨吧；真相之上还有真相，道德之畔还有道德，真理之上还有真理。惟愿你们和我们，用诚实、谦卑和 ...全文,0,8,0
Exacume,09-03,【米兔运动烧到法律界？特朗普大法官提名人卡瓦诺卷入丑闻】9月13日，美民主党一参议员称，接到一份匿名信，指控特朗普提名的大法官卡瓦诺在17岁时，曾在聚会中将一名女性监禁。该信已转交FBI。与此同时，卡瓦诺也被指控，对于其密友，另一联邦大法官的多年性侵行为熟视无睹。米兔运动烧到法律界？特朗普大法官提名人卡瓦诺卷入丑闻,37,11,128
有束光-司马,09-03,【“腾讯99公益日热度下降了？” “好着呢”】今夏是公益界的多事之秋，先有“米兔运动”的洗礼，后有“黑土麦田”等争议事件，有学者将之称为“公益偶像的黄昏”。据以往的经验，公益丑闻频发往往直接影响公众的捐赠热情。所以，在今年的腾讯99公益日之前，很是有人担心，今年公益机构的筹款额会低于 ...全文,0,3,11
像冰美式那么好,09-03,【米兔运动烧到法律界？特朗普大法官提名人卷入丑闻】13日，美民主党一参议员称，接到一份匿名信，指控特朗普大法官提名人卡瓦诺在17岁时，曾在聚会中将一名女性监禁。该信已转交FBI。与此同时，卡瓦诺也被指控，对于其密友，另一联邦大法官的多年性侵行为熟视无睹。下周，参议院将对是否要确认卡瓦诺 ...全文,0,0,0
一只不丧的蛙,09-02,【潇男.戊戌.秋】中国式米兔运动，忽如一夜雷暴来，多少人瞬间露出獠牙，多少人一夜之间被推向菜市口！ 岁月很长，真理很厚，人性很深……那些自认为在这场运动中掌握着绝对真理的人们，咱们且行且观且琢磨吧；真相之上还有真相，道德之畔还有道德，真理之上还有真理。惟愿你们和我们，用诚实、谦卑和 ...全文,0,0,0
Twinkle_玫,09-02,小道消息称，米兔运动当事人之一，中国传媒大学教授谢伦灿今年没有带硕士的资格。不过仍然有他的选修课，看来事件还在调查过程中……,0,0,0
梅花冷人,09-02,米兔运动现在怎么样了？那些站出来的勇敢的女孩子们现在怎么样了？,0,0,1
鱼鱼的猴子,09-03,回复@gf5842:要支持米兔运动呀，所以不在乎“误伤”几个人！据说误伤是小概率事件呢。//@gf5842:这个人现在发这个是几个意思呢，觉得指控者真诚，被指控者也真诚，那么你干吗这么着急发前面的文章呢,0,3,11
渡水崖,09-03,@鄢烈山: 黄章晋的反省。本来不能偏听偏信。一场运动到来时，谁才是弱者？“已经过去了一个多月，我有机会回过头重新审视这件事，今天，仔细梳理分析从两边求证获得的信息，我能确定的事实，其实只有一个：我不能判断对邓飞的指控就是真实的。但是，我杀死了邓飞。”036 | 我杀死了邓飞 广州·五羊北小区,0,0,0
Lyman_L,09-02,大焕评：退潮之后，才知道谁在祼泳。米兔运动过后一地鸡毛，到头来发现，正是那些义正严辞的人，以高尚之名，铺就人间罪恶与地狱之路。到目前为止，本轮米兔运动的唯一“半收获”，是人们发现朱军案当年受到权力的非正常干扰，如今正走在司法渠道上，会不会半途而废还未知。黄章晋是迄今唯一在推波助澜 ...全文,0,0,0
则慕,09-02,"米兔运动的标杆事件，CBS(哥伦比亚广播公司)前董事长、总裁Leslie Moonves周日晚离职，还被迫从公司提供的遣散金中拿出两千万美元捐献给米兔运动和妇女权益组织。
 
 但令人奇怪的是，公司同时更换了13名董事会成员中的6位，这就不由得让人浮想联翩。
 今天纽约时报和华尔街日报分别刊文，爆出Leslie Moon ...全文",0,0,0
郑好哥哥,09-02,这段时间喝酒太多，上周四是白酒和啤酒，周五是SingleMalt，周六是红酒和啤酒，周日是SingleMalt，昨天是白酒，今晚目测又是个威士忌局。米兔运动之后，对自己的要求放松了。 上海 · 古北,0,0,1
【超话】刘强东,09-02,我彻底放纵了一个多月。什么也没干、涨了很多肉，没有每天诵经、而且还毫不节制地投入社交，只要有人叫我吃饭我就去！ 什么每日计划、统统抛之脑后。陷入一种对环境悲观消极和无奈的情绪中。 那些花样百出的负面新闻，却终无一人因此获罪、终于不了了之的米兔运动；老公被曝出性侵丑闻， 打开微信就是 ...全文,0,0,0
包准他爹,09-02,从米兔运动披露的情形看出美国上流社会的性侵事件并不罕见，但刘强东性你融入了美国主流社会吗？你融入得了美国主流社会吗？,1,0,1
大Q今天看书了吗,08-31,华尔街日报今日报道 -- ”米兔“运动中的重量级标杆人物，CBS(哥伦比亚电视)总裁Les Moonves 在董事会的安排下计划离职。,0,1,1
霏妮莫殊,08-31,不按顺序了：北影侯亮平 ptop 疫苗 寿光水宰 范bingbing阴阳合同 滴滴顺风车事件 米兔运动 广东那啥工会 。想起来再继续补充吧，发现事情应接不暇，人很容易遗忘。,0,5,15
阿毛毛菇凉,08-28,刚刚和大家讨论了支持刘强东的人为什么比支持其他米兔运动嫌疑者更多的问题。有同学说到一个很有意思的观点，视角和带入感。在米兔运动中，很多人把自己带入的是被性侵者，或是被性侵者的男友，父母，朋友，因此引发了更多同情。在刘强东事件中，却有相当多的人把自己带入了刘强东本人(包括认为刘强东 ...全文,0,0,0
郑好哥哥,08-28,按美国法律，女方在任何时候说“no”或表达不情愿，男方必须停止行为，否则会被定为性骚扰甚至强奸，即便同男方拥抱接吻都不代表同意性行为。回国不久有位企业家炫耀他如何命令女员工到他办公室脱掉裤子。我听得目瞪口呆，告诉他美国不可以。他大笑：“这里no死都没人管”。米兔运动下美国更变本加厉了,0,0,0
【超话】刘强东,08-28,"@纽约企业家基金: 如果喝了30多瓶葡萄酒后，你坚持要送一个小你20多岁的女孩子回她的公寓，而且还不只是送到门口，还要进屋喝一杯茶，顺便休息一下，“休息”几个小时后，警察突然闯进来把你逮捕了，指控你涉嫌一级三类强奸重罪，而且警方还声称整个执法过程中，携带了随身摄像机全程录像。
 然后你发声明说这是个陷 ...全文",0,0,0
包准他爹,08-26,米兔运动中最值得关注的是朱军案。原因？你懂的。网页链接,0,0,1
大Q今天看书了吗,08-26,反对性骚扰只是女性解放运动的一环，支持米兔运动，从反对性骚扰开始，改变国民意识，创造对女性更友好的环境,4,0,27
霏妮莫殊,08-26,@剧甜酱: 【甜酱推剧】今天甜酱要给大家强烈安利一部韩国良心网剧《就算敏感一点也没关系》。标题本身就很酷，题材现实三观正，围绕性差别对待、性骚扰等问题展开讲述，并且还教你如何用正确的方法去保护自己！最近更新的第十一集在剧里穿插了大学高校的性别歧视问题，教授对女学生们的穿着评头论足乱扣帽子，女 ...全文,0,0,7
阿毛毛菇凉,08-26,刘强东事件在此时出现，其实是为米兔运动做了最好的注解：如果受害者是伴游女郎，钱没谈妥，刘不会任由此事蔓延，也就是说他会拿钱买平安；就算受害者是伴游女郎，那个时刻她不高兴，刘强行侵犯，所以发酵现在还没有完事儿的法律程序。无论受害者是何种身份，她为自己讨说法，与这样大佬级人物对抗，就 ...全文,0,0,2
伤感红润首尾悲,08-26,按美国法律，女方在任何时候说“no”或表达不情愿，男方必须停止行为，否则会被定为性骚扰甚至强奸，即便同男方拥抱接吻都不代表同意性行为。回国不久有位企业家炫耀他如何命令女员工到他办公室脱掉裤子。我听得目瞪口呆，告诉他美国不可以。他大笑：“这里no死都没人管”。米兔运动下美国更变本加厉了,0,0,1
Love_闫永亮,08-26,"@纽约企业家基金: 如果喝了30多瓶葡萄酒后，你坚持要送一个小你20多岁的女孩子回她的公寓，而且还不只是送到门口，还要进屋喝一杯茶，顺便休息一下，“休息”几个小时后，警察突然闯进来把你逮捕了，指控你涉嫌一级三类强奸重罪，而且警方还声称整个执法过程中，携带了随身摄像机全程录像。
 然后你发声明说这是个陷 ...全文",0,0,1
李相蓉,08-26,米兔运动中最值得关注的是朱军案。原因？你懂的。网页链接,4,0,27
刘文tracy,08-26,反对性骚扰只是女性解放运动的一环，支持米兔运动，从反对性骚扰开始，改变国民意识，创造对女性更友好的环境,0,0,7
美国·洛杉矶,08-26,@剧甜酱: 【甜酱推剧】今天甜酱要给大家强烈安利一部韩国良心网剧《就算敏感一点也没关系》。标题本身就很酷，题材现实三观正，围绕性差别对待、性骚扰等问题展开讲述，并且还教你如何用正确的方法去保护自己！最近更新的第十一集在剧里穿插了大学高校的性别歧视问题，教授对女学生们的穿着评头论足乱扣帽子，女 ...全文,0,0,2
杨三疯,08-26,刘强东事件在此时出现，其实是为米兔运动做了最好的注解：如果受害者是伴游女郎，钱没谈妥，刘不会任由此事蔓延，也就是说他会拿钱买平安；就算受害者是伴游女郎，那个时刻她不高兴，刘强行侵犯，所以发酵现在还没有完事儿的法律程序。无论受害者是何种身份，她为自己讨说法，与这样大佬级人物对抗，就 ...全文,0,0,1
米兔偃旗，宫斗旗鼓，女性命运真相在这些影像里,08-26,就米兔运动所暴露出的高校大叫兽们，俺了解一点，就是喜欢招收女学生一般来说，导师是不愿招女学生的（当然是否性别歧视另说），有的导师若干年下来，带出的硕士博士，清一色的秃小子反其道而行之，时间长了就会出问题……不是说要隐藏的深，而是你要学会避嫌,0,0,0
艾莉尔5566,08-26,这些大佬们的饭局文化最后都变成了夜总会文化，以为来的妹子们至少潜规则这东西是都懂的，时间久了可能都忘了还真有不愿意被潜的。有没有被仙人跳一点都不重要。我觉得米兔运动应该让大家明白什么叫双方都同意，而不是我觉得你同意了。,20,9,45
莉拉abyrinth,08-21,同样是性侵，好莱坞那个大佬被骂成狗，身败名裂，还引起世界范围内的米兔运动。同样是性侵，中国那个京东商城大佬，却得到了中国绝非少数人，绝大部分男人和一部分中国女人的支持和信任和洗白白,0,27,7
呆棒,08-21,今年的米兔运动在国内被压住了，可谁能想到在美国爆了。还是中国人。你看时间线，猪军，公益组织，校长，和尚，网约车，流氓东，全都是这事。,0,0,0
橘色橙子fan,08-21,也不知道是危机公关还是直男癌横行，刘强东案警方报告出了也还在拼命洗有钱人没必要强奸所以肯定是仙人跳，美国贸易战阴谋啥啥，不过不管哪种情况都是恶臭，难怪米兔运动让那么多人跳脚，呵。,0,0,1
KM_别太堕落,08-21,刘强东不就是之前米兔运动中，大家热烈声讨的饭桌中年油腻男吗?连顶尖企业家都难以避免成为中年油腻男。人到中年，如何让自己不油腻，真的是各位男士需要好好修炼的课题。还有奶茶根本不值得被挖苦，因为最后她还是赢家。胸大的，勾人的，男人只愿意当野花一样在外边采摘一下。正宫娘娘的位置最终还是 ...全文,0,0,1
UnCielPleinDetoiles,08-21,从之前的米兔运动到这几日有關「娘炮」爭論，很明顯地，在两代自由派中间划出了很深的一道鸿沟。这是一个危险，也是一个转机。,2,1,0
改天你母亲搞贺寿,08-21,LQD新闻一出来时下面的洗地评论已经让我怀疑世界了，居然还有YXH试图把被害者的照片爆出了给大家评头论足，评论里不仅没人质疑博主挖掘被害者信息，反而有一大片恶臭屌癌言论，攻击受害者还顺带嘲讽NCMM。到了网传女主亲自出来澄清并寻求法律保护时评论就是一边倒骂她蹭热度炒作。米兔运动过后的网民还 ...全文,1,0,1
呆棒,08-21,"对于刘强东的性侵案，事实尚不明确，暂不作出评价。
 但由此，司马却想到了一个月前接二连三被爆出的性侵事件，和当时掀起了巨大波澜的中国米兔运动。
 时至今日，却还有多少人记得？
 查无后续，悄然无息，就是现状。
 这样的现状无法改变，我们只能等待。
 
 东亚国家在对待“性”这一问题上，多是沉默。但 ...全文",12,12,10
橘色橙子fan,08-22,以前我很乐观，觉得米兔这些运动会有效果，慢慢地人们会意识到什么界限是该遵守而一些不公平是可以打破争取的，这两年来看到三色幼儿园疫苗还有最近sz事件，也包括一直关注的女权运动，一时喧嚣尘上后就被永远地淹没了，我也好奇呀也想知道他们在做些什么在努力为自己争取着什么，可是我无从得知。网络 ...全文,12,14,20
KM_别太堕落,08-22,到处都是漏洞 大学之漏洞啥时候也暴多几个 大学米兔运动之外 单一个大学基础设施翻出来也可吓人了吧 开个屁接待日 无用,0,0,0
UnCielPleinDetoiles,08-22,上周看完的，是迷你网剧，一集7多分钟。主要是围绕“性骚扰”话题，以女主身边发生的实例作为内容，同时也出现了“旁观者也是罪”的相关剧情和话题以及大多数人对于“女权”的看法，最后点到米兔运动，主题很具有现实意义。,9,3,5
改天你母亲搞贺寿,08-22,@YouTube精选: 安利一部很有现实意义的韩国系列网剧——《就算敏感一点也没关系》。其中一集里，男教授猥琐的盯着女学生，满口污言秽语。女主反感却又顾虑时，闺蜜勇敢的站出来大声指责道：“教授，你那是性骚扰！”最后，同学们纷纷站出来离开教室，用行动狠狠的“打脸”了教授。@人人视频 人人视频的秒拍视频,0,3,4
南宸北顾,08-21,感谢美国法律，教导中国男人做人。米兔运动时，很多男人觉得酒桌上的事情，自己被投诉，太冤了，看现在刘强东为自己的中国本土认知系统下的生活方式付出的代价。,0,27,7
宿因,08-21,抱歉，由于作者设置，你暂时没有这条微博的查看权限哦。查看帮助：网页链接,0,0,0
迟行也,08-21,韩国高丽大学的语学院新生见面会上 专门有一个关于两性关系的讲座 是以米兔运动开头的 国内的境况仍是在包庇（潜在）犯罪者,0,0,1
吃一口智团子,08-21,"全世界对女性群体的不够友好根本不必从诸如米兔运动、滴滴顺风车、刘强东事件上找
 即使是攀谈的邻座大叔 都会说女孩读不得学硕和博士 仿佛比男性知识水平高一点都是罪恶的",0,0,1
LRTTPSLAYAL,08-20,这个世界真的很有意思。有些人一会儿高举旗帜呐喊“这个世界对女孩子不友好不公平！我们要支持米兔运动！”，一会儿又谈起阴谋论“某某某是被做局被陷害的”🤷♀️,894,248,216
王旭的王,08-20,我国部分男性真的很妙，一边批判各类男明星娘，一边在性侵案件中嬉皮笑脸调侃“价格没谈拢”，在米兔运动中指责女性。就是说：男性染发化妆在他们眼里罪不可赦甚至能危害国家和下一代，而男性性骚扰出轨嫖娼性侵，却只是无足轻重的不羁风流。至于油头汗臭抽烟喝酒打老婆，更只是男人味十足的表现罢了。,0,0,4
sleepingbag-,08-19,刘强东在美国被捕的消息，已被坐实，美联社等权威媒体不会放过这次机会。伴随着米兔运动的兴起，男人，尤其是成功男人在未来还可能遭遇更多的色情陷阱；顺便说句：那些玩米兔游戏的老女人，包括这次让刘总进牢房的蒋某婷女士，你们总有一天会发现，把整个业态搞坏之后是什么结果………… ...全文,0,0,1
猫在纸盒,08-19,"花费￥150.00向@卢湾-伯爵 提问 ""伯爵分析一直犀利，东哥这事看来应该是真的吧？伯爵能不能预测一下？...""微博问答",0,0,0
天汉青年-汉中共青团,08-19,看到这段 突然阴谋论 xq事件几乎隔几天就会掀起小波澜 几个月就会掀起大波澜 包括如火如荼席卷全球的米兔运动 呼吁了那么久的性骚扰、xq更清晰的界定、更严厉的立法 都不了了之了 会不会是怕真立法了 女的是不会遭到油腻猥琐男的语言骚扰了 但是最终会影响到生育率啊 毕竟现在已经疯魔到提议女性不上大 ...全文,0,0,5
居里夫人是怎样面对赤裸裸的性别歧视的？,08-19,#米兔运动# 小学生👩🎓每天运动量还是值得点赞的👍👍👍,0,0,0
我是此博非彼博,08-19,现在微博上的风气是不是矫枉过正了？？说了审美多元化了，我尊重你的选择，但我不喜欢这类型咋了？还不能说了？？当然辱骂肯定是不对的，但是表达不喜欢的权利大家都有吧就像米兔运动也是一度变成指责诬陷的泥潭。这个度真的很重要，但可惜的是只知道跟风的人太多，甚至不乏居心叵测者，最终变成 ...全文,0,0,0
NoF404,08-18,刘强东在美国被捕的消息，已被坐实，美联社等权威媒体不会放过这次机会。伴随着米兔运动的兴起，男人，尤其是成功男人在未来还可能遭遇更多的色情陷阱；顺便说句：那些玩米兔游戏的老女人，包括这次让刘总进牢房的蒋某婷女士，你们总有一天会发现，把整个业态搞坏之后是什么结果………… ...全文,0,6,16
彭晓辉,08-18,"花费￥150.00向@卢湾-伯爵 提问 ""伯爵分析一直犀利，东哥这事看来应该是真的吧？伯爵能不能预测一下？...""微博问答",0,2,1
Vincent阿八,08-21,看到这段 突然阴谋论 xq事件几乎隔几天就会掀起小波澜 几个月就会掀起大波澜 包括如火如荼席卷全球的米兔运动 呼吁了那么久的性骚扰、xq更清晰的界定、更严厉的立法 都不了了之了 会不会是怕真立法了 女的是不会遭到油腻猥琐男的语言骚扰了 但是最终会影响到生育率啊 毕竟现在已经疯魔到提议女性不上大 ...全文,2,1,0
#八八叭叭叭#,08-21,#米兔运动# 小学生👩🎓每天运动量还是值得点赞的👍👍👍,1,0,1
迟行也,08-21,现在微博上的风气是不是矫枉过正了？？说了审美多元化了，我尊重你的选择，但我不喜欢这类型咋了？还不能说了？？当然辱骂肯定是不对的，但是表达不喜欢的权利大家都有吧就像米兔运动也是一度变成指责诬陷的泥潭。这个度真的很重要，但可惜的是只知道跟风的人太多，甚至不乏居心叵测者，最终变成 ...全文,12,12,10
吃一口智团子,08-21,整理微博，发现4月武汉理工的事的时候，就有提到米兔运动了，然后几个月的时间，国内网络上米兔也渐渐形成旗帜，只是信息的迭代不能让每一件应该铭记的事都长期维持关注，悲观的事实是没有关注很多事就没有进展，删评员权限员们却可能继续他们的清理工作，为了一个干净的互联网。多少信息多少id，都变 ...全文,1,3,0
LRTTPSLAYAL,08-21,【公益明星人设也应年检】一年一度的“99公益日”是公益界的一次线上狂欢，而今年的气氛却略显尴尬。7月初，“米兔”运动重燃，这把火从各大高校开始，在公益圈爆发，后又蔓延至媒体文化圈。勇敢的女性们站了出来，揭开尘封心底的伤疤，匿名或实名的举报指向各个行业内颇具影响力的“老师”或“前辈” ...全文,45,22,27
王旭的王,08-20,"以前的一位受访者，因公开指控老板曾在多年前对其进行性骚扰，被诉诽谤罪。今天听闻法院二审驳回了自诉人对被告人的起诉。
 这个案子与朱案太雷同，不知两案结果是否也会相似。但至少这个案子现有的裁定结果，会对中国米兔运动有推动作用吧。",0,0,0
世界说globusnews,08-20,最近可能要接受new York Times 的采访，谈论关于米兔运动的一些事情。 美国·洛杉矶,2,66,15
犀利哥郑植,08-20,日记: 《米兔偃旗，宫斗旗鼓，女性命运真相在这些影像里》一、娘娘来了 众所周知，以蒋方舟为代表的中国米兔运动迅速被一股神秘力量消解，水土不服，偃旗息鼓。随之(来自 @豆瓣App) 米兔偃旗，宫斗旗鼓，女性命运真相在这些影像里,24,10,35
GYqz_,08-20,"谈谈米兔运动
 
 米兔运动越演越烈，大有蔓延全世界之势。尤其是首先在美国爆发，真让人感到男女平等说着容易做着难，女性的地位不仅还处于从属地位，而且在男人眼里恐怕连人都算不上，只属于工具。但是米兔的受害者大部分发生在强权者的身边，鲜有发生在普通人之间的，也就是说，那些地位高的人，或者在 ...全文",2,1,3
代码文科生,08-20,我觉得吧。那些拿米兔领袖曾经性侵17岁男孩的事说事儿的人（不得不说大多数是男生）大多都不是真的关心她性侵这件事本身，而是在以此暗嘲。一种“你不是说我有问题么？你看你们嚷最凶的人也有问题啊！”的论调。完全没有真的讨论问题的态度。这个问题，她就是做错了，也丝毫不该质疑到米兔运动的必要性 ...全文,1,0,3
shirley-小雨,08-20,"在之前的“米兔运动“和这几天的“网约车凶案“的舆论中，常有一种矫情且头脑糊涂的人出没：别人明明是提出一些“在尚不理想的环境中规避伤害和损失”的建议，却会被他诠释为“观念落后”、“避重就轻”。别人的初衷只是想分享一些实用的经验，就可能因为姿态和语气不合他胃口，被他嘲讽一番。
 这么说 ...全文",195,130,158
#闺蜜语录#,08-20,"江歌案
 三色幼儿园
 米兔运动
 汤兰兰案
 疫苗事件
 杀妻藏尸
 空姐遇害
 乐清女孩
 才短短几个月，性侵，强奸，谋杀……
 不想说什么制度，整顿，监管……
 我只想说人性太可怕了
 女孩子安稳的活在世界上太艰难了
 小孩子才怕鬼，大人怕的是人
 生而为人，请务必善良",34,28,16
PoeticM,08-20,绝大多数男人不把女人当成与他们平等的人，忽略女性也有自己的事业生活和人生追求，而是把女人当成这个世界为他们准备的礼物、奖赏、战利品，正所谓性是原动力，商家可以利用这种思想推广产品，米兔运动会遭到大部分男性反对。比起恶性犯罪来说这种不尊重更普遍，令人恐惧。,35,13,49
PoeticM,08-20,"前段时间轰轰烈烈被急得跳脚的直男癌说矫枉过正的米兔运动，还没燎原就被压制了。
 勇于出来指证的女生，被威胁了。
 于是呢？又有女生被害了。同样是和性侵有关。
 男权男权，除了男，还有权啊。
 若不是权里有这么多男的，女性又怎么会这么艰难呢。
 说白了男不过是权的狐假虎威罢了。",0,0,0
ItsssLily,08-20,"在米兔运动开启之前，我一直觉得游刃有余地行走在男性中是一种成熟女性的生存技能。米兔运动真的有给我带来思考：这种成熟女性具备的技能并不是为了特权，目的还是为了捍卫自己的权益。
 在同等情况下，你作为男性，和上司关系融洽被视作人际交往的人格魅力，这是求职者和公司都追求的品质。可是作为 ...全文",894,248,216
碧云花开,08-20,"在之前的“米兔运动“和这几天的“网约车凶案“的舆论中，常有一种矫情且头脑糊涂的人出没：别人明明是提出一些“在尚不理想的环境中规避伤害和损失”的建议，却会被他诠释为“观念落后”、“避重就轻”。别人的初衷只是想分享一些实用的经验，就可能因为姿态和语气不合他胃口，被他嘲讽一番。
 这么说 ...全文",0,0,4
sleepingbag-,08-19,"江歌案
 三色幼儿园
 米兔运动
 汤兰兰案
 疫苗事件
 杀妻藏尸
 空姐遇害
 乐清女孩
 才短短几个月，性侵，强奸，谋杀……
 不想说什么制度，整顿，监管……
 我只想说人性太可怕了
 女孩子安稳的活在世界上太艰难了
 小孩子才怕鬼，大人怕的是人
 生而为人，请务必善良",0,0,1
猫在纸盒,08-19,绝大多数男人不把女人当成与他们平等的人，忽略女性也有自己的事业生活和人生追求，而是把女人当成这个世界为他们准备的礼物、奖赏、战利品，正所谓性是原动力，商家可以利用这种思想推广产品，米兔运动会遭到大部分男性反对。比起恶性犯罪来说这种不尊重更普遍，令人恐惧。,0,0,0
天汉青年-汉中共青团,08-19,"前段时间轰轰烈烈被急得跳脚的直男癌说矫枉过正的米兔运动，还没燎原就被压制了。
 勇于出来指证的女生，被威胁了。
 于是呢？又有女生被害了。同样是和性侵有关。
 男权男权，除了男，还有权啊。
 若不是权里有这么多男的，女性又怎么会这么艰难呢。
 说白了男不过是权的狐假虎威罢了。",0,0,5
居里夫人是怎样面对赤裸裸的性别歧视的？,08-19,"在米兔运动开启之前，我一直觉得游刃有余地行走在男性中是一种成熟女性的生存技能。米兔运动真的有给我带来思考：这种成熟女性具备的技能并不是为了特权，目的还是为了捍卫自己的权益。
 在同等情况下，你作为男性，和上司关系融洽被视作人际交往的人格魅力，这是求职者和公司都追求的品质。可是作为 ...全文",0,0,0
春水流花谷,08-19,先是米兔运动，然后又是寿光天灾人祸，现在滴滴出血。我还能怎么安心长大啊。,0,0,2
土摩托,08-19,"看了遇害女孩子的微博，很漂亮很可爱。对世界蛮多美好憧憬。
 
 想起国盘火冥合狮子，刑克金天蝎。
 
 女性难以想象，一部分男人世界里的权力与欲望究竟有多肮脏。而且火冥合这种状态，本身就带来隐藏，很多表面上看起来光鲜的人，暗地里的黑暗却是人难以想象的程度。
 
 之前米兔运动的时候，我跟身边一些男 ...全文",0,0,0
欧丽芙olive,08-18,"我昨天小号刷微博评论了关于米兔运动领导者之一可能有过性侵行为的微博…今天上小号看见了图二的这种逻辑鬼才…
 我不是想挂他…我就是想问问你们看出他到底是什么逻辑了吗…反正我到现在都没看明白",0,6,16
一尾男,08-18,"太恶心了，今天办公室里有人提到zj事件，
 本以为都会多少同情弱者
 但是却听到了很多不可思议的话语，让我感到在中国这片土壤上推动米兔运动，是多么困难的事。‘’苍蝇不叮无缝蛋的蛋，她又没有被强奸，她肯定是因为没有得到她想要的东西所以举报了。‘’
 这个社会对于女性的恶意有多大呢？",0,2,1
知识分子,08-18,"反对个性崇尚集体自幼潜移默化式教育
 还有愈加严苛的社会舆论环境
 更别说个体自幼约定俗成式关于所谓爱情 三观 性各种扭曲和无比保守的管教 传授
 
 而这些 也全来自 当权者 的控制
 
 近一两年 在微博上曝光的一件件骇人听闻的事件 那些压迫与反抗 还有全世界的平权 米兔运动 这些这些归根结底 是 控制 ...全文",0,0,1
一天甜甜的贝卡啊,08-17,米兔运动率先揭发Harvey Weinstein性侵的旗手和受害者之一的Asia Argento被爆2013年强奸了时年17岁的小鲜肉，然后想用38万美金和对方私了…… #这就是革命家#,0,8,2
原谅这一生不羁放纵爱自我,08-15,"#今日争议发言
 
 我至今对于米兔或者之类运动实在没有太大兴趣的原因之一是，我觉得现行摇旗呐喊的人群主流是严格性别的，但是在我这里的平等是去性别化的。
 包括性向在我这里也是连续系谱化而非分类的。
 
 另一件事（或者说和我上一个观点连续的是，虽然我们用弱势数量来说肯定女性更多，但是用弱势程度 ...全文",0,0,2
凤凰网视频,08-15,米兔运动领导者之一Asia Argento被米兔。,3,14,1
法兰西微语,08-15,我们必须将我们的渴望，与获得成功的能力、勇气与决心结合起来。我们必须肩负起责任感，努力使后来的女性的道路能够好走一些。【居里夫人是怎样面对赤裸裸的性别歧视的？】一场轰轰烈烈的米兔运动，将职场的性别不公揭露得淋漓尽致。回望百年前居里夫人的人生之路，我们能从中得到哪些启示？如今的我们 ...全文,0,0,0
北方公园NorthPark,08-15,延禧攻略大热，我也在看。但是我极力推荐韩剧汉谟拉比小姐。第一集，在地铁上遭遇咸猪手的女学生，明明衣着保守，还会被很多人认为是不是裙子太短。第三集，刚开头就看到一个上级性骚扰实习女生，还发赤裸裸照片。与现在全球的米兔运动不谋而合。有时候看，韩剧很多时候真是观念不落伍。,0,7,4
刘文财-,08-15,这段时间的米兔运动，让我看到了许多女性遭受过的事，同感让我一直关注着，我很感谢大家开始勇敢地站出来，揭穿一个个恶心的公众人物，即使失望地看到一个个账号屏蔽，话题消失。我知道受害者是什么感受，她们可以继续活得好好的，但是另一方面阴影不会退散。仍然会使她痛苦。我的秘密没告诉任何人，说 ...全文,10,6,8
世界说globusnews,08-15,晓辉性元谈 评【又一风靡全球反性侵运动米兔发起人成性侵被告】艾莎·阿基多(Asia Argento)意大利著名影星成功控告好莱坞制片人韦恩斯坦性侵。她37岁时，2013年5月在美国加州一家旅馆房间性侵童星搭档。下文系报道，文章末尾附同题材报道链接。又一风靡全球反性侵运动米兔发起人成性侵被告,19,26,12
犀利哥郑植,08-15,"#八八叭叭叭#
 最近很多女孩儿勇敢的站出来说出自己被某些公职人员和教授性骚扰性侵的案件。但基本上都是官方无回应和警方未受理。顶多做个降职处理。还有的性侵者公然威胁受害人。在这种时候，却没有看见任何男性站出来为女性说话。米兔运动也没有任何国家官方站出来说话，好像女性不是人民，我们的权 ...全文",2,2,1
GYqz_,08-14,"我昨天小号刷微博评论了关于米兔运动领导者之一可能有过性侵行为的微博…今天上小号看见了图二的这种逻辑鬼才…
 我不是想挂他…我就是想问问你们看出他到底是什么逻辑了吗…反正我到现在都没看明白",0,0,0
代码文科生,08-14,"太恶心了，今天办公室里有人提到zj事件，
 本以为都会多少同情弱者
 但是却听到了很多不可思议的话语，让我感到在中国这片土壤上推动米兔运动，是多么困难的事。‘’苍蝇不叮无缝蛋的蛋，她又没有被强奸，她肯定是因为没有得到她想要的东西所以举报了。‘’
 这个社会对于女性的恶意有多大呢？",3,3,3
shirley-小雨,08-12,"反对个性崇尚集体自幼潜移默化式教育
 还有愈加严苛的社会舆论环境
 更别说个体自幼约定俗成式关于所谓爱情 三观 性各种扭曲和无比保守的管教 传授
 
 而这些 也全来自 当权者 的控制
 
 近一两年 在微博上曝光的一件件骇人听闻的事件 那些压迫与反抗 还有全世界的平权 米兔运动 这些这些归根结底 是 控制 ...全文",66,17,37
#闺蜜语录#,08-11,米兔运动率先揭发Harvey Weinstein性侵的旗手和受害者之一的Asia Argento被爆2013年强奸了时年17岁的小鲜肉，然后想用38万美金和对方私了…… #这就是革命家#,0,0,5
PoeticM,08-11,"【“米兔”运动发起人被爆曾性侵未成年】
 近日，意大利女演员Asia Argento被指控曾性侵未成年男歌手Jimmy Bennett。Jimmy Bennett称自己当时刚过完17岁生日，而Asia Argento已37岁。此后，Asia Argento同意支付他38万美金作为封口费。
 艾莎·阿基多曾是最先出来指控制作人Harvey Weinstein的女演 ...全文",0,0,11
辣椒一败涂地,08-10,现在大学教授当中，如果遇到杨振宁那样的老师，女学生们是非常安全的。国内网民总是持双重标准，一边高喊米兔运动骂某某教授性侵，一边还说杨振宁82岁找28岁的。拜托，杨在美国呆了50年，要摸女学生，机会多得是，怎么现在没有人控告他？性侵这件事要是在欧美坐实，一个人赔偿几百万美元都是小意思。而 ...全文,0,0,1
PoeticM,08-10,"真的不希望,米兔运动就是那么风风火火的过去了,犯罪的任然逍遥法外,我们应该为受害者发声,因为如果你此刻真的做了一个旁观者,也许真的有一天你也变成受害者,那么也没有人会为你发声",0,0,1
ItsssLily,08-10,玩得一手好双标国内沸沸扬扬针对男性的米兔运动，有人质疑真实性的时候，有人站出来说推动大家对于男权结构的质疑，比误伤某个人的意义更大。这时候来个女性，就讲究起真实性？？？米兔运动反对的核心不是性别，是权力啊！不管男女，掌握了权力，都有可能对他人施加性侵。这样护食，真的有意思吗,0,0,1
碧云花开,08-10,"当男生也有米兔运动的时候，男女平等就又迈出了一步～
 
 #闺蜜语录#",1,5,11
恶役失格,08-10,"请注意，所有帮助过自媒体禽兽伤害过我的女生，不管是收钱的，受势力权利所逼的，你们没有权利讨论米兔运动和人道主义。如果你们的人生中也遇到禽兽，你们也不用去报警，因为你们曾经也是禽兽，这是你们应得的。理应，接受业力给你的回报。
 
 在中国这个社会，不要相信米兔，有很多女生收钱帮助禽兽伤害 ...全文",0,0,0
alllofme,08-10,"米兔运动的本质是啥?
 
 女性是弱者，她打不过男性，于是强奸是一种欺负弱者的禽兽行为。
 
 因为我在被迫害的险境，自然成了弱者，我这个案子就算我是个拳击手也无力还击。
 
 在任何女性深陷险境时犯罪伤害女性的行为，理应受到全社会的抨击和唾弃。
 
 这，才是本质和意义。
 
 （并不是说，今天看到一个男生 ...全文",2,4,1
法学晨曦,08-08,"互联网是有记忆的，但互联网的忘性也很大，这一轮米兔运动的热潮已经褪去。到现在，已经很少有人提起北电阿廖沙、红黄蓝等等。这一次，希望我们能坚持得久一点、记得久一点。我并不认识当事人，但是真的希望大家能够撑住她，给她勇气。为每一位勇敢站出来的女孩加油和呐喊。
 @弦子与她的朋友们
 愿中国 ...全文",3,7,21
现在的状态是想回家吃包子,08-07,一直很喜欢这两本书，使我对于人生的困扰有了释然，虽然其作者已在近期轰轰烈烈的米兔运动中辞去了佛协会长的职务，我选择并期盼他是清白的！期待他的微博能早日更新！,0,3,0
佩欣丝,08-07,"#今日争议发言
 
 我至今对于米兔或者之类运动实在没有太大兴趣的原因之一是，我觉得现行摇旗呐喊的人群主流是严格性别的，但是在我这里的平等是去性别化的。
 包括性向在我这里也是连续系谱化而非分类的。
 
 另一件事（或者说和我上一个观点连续的是，虽然我们用弱势数量来说肯定女性更多，但是用弱势程度 ...全文",0,0,2
吃肉少女在路上,08-07,米兔运动领导者之一Asia Argento被米兔。,115,51,193
洛杉矶黄都督,08-07,我们必须将我们的渴望，与获得成功的能力、勇气与决心结合起来。我们必须肩负起责任感，努力使后来的女性的道路能够好走一些。【居里夫人是怎样面对赤裸裸的性别歧视的？】一场轰轰烈烈的米兔运动，将职场的性别不公揭露得淋漓尽致。回望百年前居里夫人的人生之路，我们能从中得到哪些启示？如今的我们 ...全文,0,1,1
袁国宝,08-06,鄢老师@鄢烈山 你应该把某米兔运动领袖性侵微博加上特大喜讯震憾来袭的标题，很开心吧，对你而言是喜从天降，稻草抓住了？瞧你那幸灾乐祸小样儿，是不是以后性骚扰合法化才能满足你猥琐的心理？可惜然并卵，逻辑上却是以偏概全以个体代替群体，不懂就事论事、桥归桥路归路的道理。谁犯罪犯错谁承担， ...全文,1,2,23
寒溟亦暖,08-06,米兔运动始自Harvey Weinstein被爆性骚扰，第一个站出来指控他的是下图这位名叫Asia Argento的女演员。今天USA Today爆料，说她当年也曾经性骚扰过一名年仅17岁（当时她35岁）的男演员，米兔爆发后，男演员找了个律师，威胁要起诉，最后Asia Argento付了他38万美元封口费。网页链接,0,2,0
-闲言睡语-,08-06,"从放开二胎政策到“米兔”运动，感受到社会对女性的恶意有点多。
 
 要看一看女权主义（我觉得应该算是平权主义）的经典《第二性》。
 
 “没有什么比要表现男子气概的男人对待女人时更狂妄、更咄咄逼人、更目空一切了。那些不被同类气焰压倒的人，反倒更乐意把女人看作同类。”",14,7,10
UltronReddington,08-11,现在米兔运动风声鹤唳，草木皆兵的，连情话都不能随便讲了，一讲对方就仿佛自罩穆斯林传统波卡：你干嘛撩我，你是不是想耍流氓，你快滚出宇宙亿万光年。可是我此刻想说情话，想听情话。想那些情意绵绵，迷离扑朔。若你也有共识，我们缔约互不算骚扰，就请在这条微博下说一句最动人的情话吧。,0,0,11
彭晓辉,08-10,【居里夫人是怎样面对赤裸裸的性别歧视的？】一场轰轰烈烈的米兔运动，将职场的性别不公揭露得淋漓尽致。回望百年前居里夫人的人生之路，我们能从中得到哪些启示？如今的我们又肩负着怎样的责任？@Fujiaa 居里夫人是怎样面对赤裸裸的性别歧视的？,0,0,1
夏阿灼,08-10,"妈呀！向首页强烈推荐韩网剧《有点敏感也没关系》 b站就可以看，一集特别短但是主题很好，有关女权主义 米兔运动等等，女孩子们可以看看如何保护自己，男孩子们(我首页没有)可以看看怎样才是尊重女性
 图源截图 水印",0,0,1
灿若流樱Kristy,08-10,"前段时间，米兔运动起来的时候，距离《我不是药神》上映有一段时间了。其实第二次看的时候，电影里有一个地方让我很不舒服，后来米兔运动的普及，让我对那点不舒服有了清晰的认识。
 就是当他们成立公司并且进展顺利去酒吧搞团建的时候，酒吧里气氛很开心，而且程勇作为大哥，也算替思慧出了一口气。但 ...全文",0,0,1
满顿儿,08-10,【“米兔”运动领袖被爆曾性侵未成年 并付“封口费”】据纽约时报，米兔运动领袖，最先出来指控韦恩斯坦的意大利女演员艾莎·阿基多，近日被爆曾性侵未成年男演员吉米·本内特。两人曾在一部电影中饰演母子，吉米在性侵发生时只有17岁，而当时艾莎·阿基多已37岁。此后，艾莎·阿基多同意支付吉米38万美金 ...全文,1,5,11
莫愁有料,08-10,米兔被米兔。意大利明星 Asia Argento 是米兔运动领军人物，但被一男演员（ Jimmy Bennett）指控，在他 17 岁时被她性侵。她曾经向他支付过 38 万美元，“以帮助他发展”。他现在告她，要求 350 万美元的损失费,0,0,0
性侵是怎么发生的 | 1700个关于性侵的故事,08-10,"屠龙少年变身恶龙的故事从来不新鲜，这一次轮到了米兔运动。
 
 哈维·韦恩斯坦的恶行被揭露的时候，导演兼演员 Asia Argento 是头面人物之一，今年的戛纳电影节上，她还发表了一段言辞激烈的演讲来指责哈维。
 
 但根据《纽约时报》的消息，Asia Argento 曾经花38万美元给自己“消灾”，而所要掩盖的行径正 ...全文",2,4,1
莫愁有料,08-10,性别运动、性/别运动，米兔运动和部分国家地区性产业合法化，这几个面向之间，无论怎么看，在现实中并行不悖，难道不荒谬吗？正确不正确，都没你们想的那样动静大，谈不上深刻深远，等于燃放两挂鞭炮哄哄鬼。,0,0,3
彤仔儿ii,08-09,"【“米兔”运动发起人被爆曾性侵未成年】
 近日，意大利女演员Asia Argento被指控曾性侵未成年男歌手Jimmy Bennett。Jimmy Bennett称自己当时刚过完17岁生日，而Asia Argento已37岁。此后，Asia Argento同意支付他38万美金作为封口费。
 艾莎·阿基多曾是最先出来指控制作人Harvey Weinstein的女演 ...全文",0,0,0
眉际月,08-06,现在大学教授当中，如果遇到杨振宁那样的老师，女学生们是非常安全的。国内网民总是持双重标准，一边高喊米兔运动骂某某教授性侵，一边还说杨振宁82岁找28岁的。拜托，杨在美国呆了50年，要摸女学生，机会多得是，怎么现在没有人控告他？性侵这件事要是在欧美坐实，一个人赔偿几百万美元都是小意思。而 ...全文,14,7,10
Verdandy_Sue,08-06,"真的不希望,米兔运动就是那么风风火火的过去了,犯罪的任然逍遥法外,我们应该为受害者发声,因为如果你此刻真的做了一个旁观者,也许真的有一天你也变成受害者,那么也没有人会为你发声",2,0,2
touristui6194437956,08-06,玩得一手好双标国内沸沸扬扬针对男性的米兔运动，有人质疑真实性的时候，有人站出来说推动大家对于男权结构的质疑，比误伤某个人的意义更大。这时候来个女性，就讲究起真实性？？？米兔运动反对的核心不是性别，是权力啊！不管男女，掌握了权力，都有可能对他人施加性侵。这样护食，真的有意思吗,1,1,0
咩么木,08-06,"当男生也有米兔运动的时候，男女平等就又迈出了一步～
 
 #闺蜜语录#",2,4,6
红枣姜茶,08-06,"请注意，所有帮助过自媒体禽兽伤害过我的女生，不管是收钱的，受势力权利所逼的，你们没有权利讨论米兔运动和人道主义。如果你们的人生中也遇到禽兽，你们也不用去报警，因为你们曾经也是禽兽，这是你们应得的。理应，接受业力给你的回报。
 
 在中国这个社会，不要相信米兔，有很多女生收钱帮助禽兽伤害 ...全文",0,0,4
清华常江,08-05,米兔运动如果最后真的开展不下去了，被打压了，我觉得中国再没有什么资格去评论阿三什么。因为，八斤八两,0,0,3
当MeToo发生在孩子们的夏令营 | “我该拿什么保护你，我的女儿。”,08-05,"米兔运动的本质是啥?
 
 女性是弱者，她打不过男性，于是强奸是一种欺负弱者的禽兽行为。
 
 因为我在被迫害的险境，自然成了弱者，我这个案子就算我是个拳击手也无力还击。
 
 在任何女性深陷险境时犯罪伤害女性的行为，理应受到全社会的抨击和唾弃。
 
 这，才是本质和意义。
 
 （并不是说，今天看到一个男生 ...全文",0,2,3
落花人独立_1,08-05,"互联网是有记忆的，但互联网的忘性也很大，这一轮米兔运动的热潮已经褪去。到现在，已经很少有人提起北电阿廖沙、红黄蓝等等。这一次，希望我们能坚持得久一点、记得久一点。我并不认识当事人，但是真的希望大家能够撑住她，给她勇气。为每一位勇敢站出来的女孩加油和呐喊。
 @弦子与她的朋友们
 愿中国 ...全文",75,150,271
chinalaowei,08-05,一直很喜欢这两本书，使我对于人生的困扰有了释然，虽然其作者已在近期轰轰烈烈的米兔运动中辞去了佛协会长的职务，我选择并期盼他是清白的！期待他的微博能早日更新！,0,0,1
原谅这一生不羁放纵爱自我,08-05,为什么Karl还能理直气壮地说出“我讨厌米兔运动，如果不愿意脱下裤子还不如去修道院”，因为beauty is everything，时尚圈是美丽被剥削得最严重的一个地方。这个圈子消费年轻，消费美貌，消费肉体，并且所有人都觉得理所应当。,0,0,0
周健野谈,08-06,我真是太奇怪了 每每发生什么大事 性侵事件也好 伪米兔运动也好 当街打狗也好 生孩政策也好 我从来在pyq看不到半点痕迹 全在微博上风起云涌 到底是pyq的人假装听不见看不见 只想岁月静好 还是根本是瞎的？太悲惨了,14,7,10
米兔运动与公益组织管理的个人化危机,08-06,如果米兔只仅仅止步于舆论审判，那这场运动就毫无实质意义，尽可能地诉诸于法庭辩是非（或其他救济途径），这样，我们可以通过法庭，在证据与程序规则标准至少比舆论审判更为靠谱点的情况下，来判断谁说了谎话——朱军发声后，爆料人和当事人希望对簿公堂丨独家,2,0,2
灿若流樱Kristy,08-06,"今天听到的一件出离愤怒的事，米兔运动被不正当利用的事。
 女A是国内小有名气的作家，在外求学期间与另一研究室的男B在一起了，但其时已与或许小有名气的男性媒体人C订婚。A和B我都认识，两方的说辞和证据材料我都看了。
 女A对男B说爱上了B，要和男C分手；回头就对男C说自己被男B强奸了，且持续受害两 ...全文",1,1,0
满顿儿,08-06,（接上条）国人八卦很热衷于正室斗小三的戏码，因此国产宫廷剧多年来也一直是这个套路。女性对女性的态度始终还是封建、男权化的。如今米兔运动如火如荼，被侵害的女性终于有机会发声，但那些人渣们的妻子的日常让我有些好奇，天天和禽兽一起生活，是“反正工资卡在我手里”？还是“反正我们家那位是男 ...全文,2,4,6
莫愁有料,08-06,"某C daily 对米兔的英文报道是这场运动使得更多人发声，VOX的报道却是删tie高鸭🈲️声。
 
 两个报道差了一天。不知道是时代荒谬的产物，还是活在不同时空里的错觉，让另一个时空的人以为这里是歌舞升平，一切安好，海面静悄悄的。",0,0,4
性侵是怎么发生的 | 1700个关于性侵的故事,08-05,时代周刊刚发文，受米兔运动波及，学诚法师辞去佛教协会会长职务。网页链接,0,0,3
莫愁有料,08-05,【朱军就性骚扰传闻发布律师声明】朱军委托发布律师声明，称近日来网络上出现大量“朱军性骚扰实习生”有关的不实信息，发布声明说明！ 经历了假疫苗事件、米兔运动风暴之后#朱军##朱军被曝性骚扰女实习生# 事件正式发声明。你怎么看呢？,0,2,3
彤仔儿ii,08-05,我也是运动（米兔运动）在美国继续蔓延：18个月的调查之后，宾夕法尼亚最高法院信息公开披露，过去70年，五大教区的300多名天主教神职人员对1000多名儿童有过不同程度的性侵犯行为。BBC报道网页链接,75,150,271
眉际月,08-05,被社工届丑闻霸屏了一整天，震惊之余，不免有些担心。米兔运动轰轰烈烈，这股政治正确的浪潮如果缺乏理性的引导，极可能被一小部分别有用心的人所利用，后果不堪设想。,0,0,1
Verdandy_Sue,08-05,"NYTIMES这篇报道很有意思。网页链接
 米兔运动爆出NYU著名女权女教授性骚扰男学生，结果一帮著名女权学者纷纷战队挺教授，被NYTIMES批评和男性骚扰者有什么区别
 （所以我觉得NYTIMES还是好报纸
 
 Nimrod Reitman accused his former N.Y.U. graduate school adviser, Avital Ronell, of sexua ...全文",0,0,0
冻墩尔咚,08-05,#晓辉性元谈# 【又一位性骚扰受害者的控诉】这位美籍华裔博士，出于信任，让我匿其名帮发表。文章详细分析了米兔运动的起源、发展、演义和结局，从切身的痛苦体会中，不仅走了出来，而且出于公道和正义，客观和逻辑性地分析了米兔运动的本质。她希望从理性的角度与大家分享她的经历和质疑。 ...全文,0,0,0
厚泽马,08-05,"人文艺术博主更博了！
 这两天在读的书是杨绛的《洗澡》，洗澡其实就是对知识分子的洗脑，只不过那个时候叫“脱裤子“，知识分子听不得这个，隐晦的叫做“洗澡”。
 
 读了一半多了，发现杨绛写知识分子跟钱钟书太像了，都把知识分子的卑琐不堪，世俗功利，斤斤计较写的入木三分，想到米兔运动里的高校重 ...全文",4,0,11
周健野谈,08-05,"这事如同其他骇人听闻的社会新闻一样，引起一阵激愤和讨伐之后就被迅速遗忘，并没有点燃什么东西。人心像是早就被烤成了灰烬，用手一捻，不过是多了一层灰。 （via.蒋方舟《我承认我不曾历经沧桑》）
 
 PS：感觉这句话可以适用中国的疫苗事件、性侵事件、米兔运动，各种事件。",0,0,0
米兔运动与公益组织管理的个人化危机,08-04,《她是「日本之耻」，更让世界蒙羞》从席卷欧美世界的米兔运动，再到前段时间章文事件引发的各界“动荡”，都说明了这世界看似充满阳光，仍有许多阴暗面存在。网页链接,0,0,3
倪四月,08-04,"本周之内，因为数位女生选择站出来勇敢地袒露自己曾被性侵的经历并指控当事人，“米兔”运动终于在中国变成了一股真实的能量，从高校到公益界再到媒体圈，鼓励着更多的受害者为自己发声。
 性侵是怎么发生的 | 1700个关于性侵的故事 北京·三里屯VILLAGE南区",0,1,5
忽然想到这个与哪个,08-04,"在最近的米兔运动中，我关注到一篇相关文章（现已被删除），这篇文章是基于一次问卷调查中收集到的1700个真实的和性骚扰、性侵有关的故事组成。在这些故事里，女性是遭受侵害的绝对弱势群体，而她们中的绝大多数人在被侵犯的当下都选择了沉默。
 
 每一个故事都那么真实，又那么残酷，让人印象深刻。我希 ...全文",0,0,2
青光楚辞,08-04,"|读书| 📖
 终于利用很多很多个地铁上的杂碎时间把「房思琪的初戀樂園」看完了，看的是繁体版，慢慢的读慢慢的感受。这是一本很丧的书，前半本看下来对社会原先的看法会崩塌，让人作呕又心疼至极。
 
 前段时间米兔运动风风火火，公益圈公知圈的性侵频频爆出，龙泉寺住持被举报，格式工整的95页pdf举 ...全文",0,0,0
多想想好事,08-04,今天看到一句话：米兔运动到（猪jun），到极乐寺，然后就戛然而止了。果然，再轰烈烈的运动，斗不过权利。,0,0,3
爆浆中子星,08-04,可是很多东西就是很迷。米兔运动带来的对于性骚扰界定、对于如何建立一个更加完善的法律制度、如何更好的保护人们免受这类伤害等一系列问题的讨论本来就是正常而且正确的。嘲讽这些讨论并觉得这些讨论是伤害米兔运动的想法真的难以理解。这里需要一个这样的制度，当然可以说“有”是优先的，但是“好” ...全文,1,18,12
ffragrant,08-04,"#任继长#
 感谢米兔运动，让我在微博上重新看到了尚启庄这个人，我很确信这个人就是当初性侵我的那位，说话的语气与当时如出一辙。我当时刚从浙传毕业，打算在工商时报做个实习。前半个月还算顺利，但是因为某一次参加了一场会议，认识了尚启庄。其实一开始我就有些纳闷，为什么一个站长会突然来认识我 ...全文",0,2,3
祝羽捷,08-04,假疫苗和米兔运动看得人心情压抑，水鬼的故事让人喘不过气，双胞胎溺亡心痛，天天担心了这个担心那个，说好的开朗乐观呢？可能还是担心自己挣扎在贫困线上的事实会轻松一些吧,0,0,3
地瓜儿苗,08-04,"米兔运动的爆发，其实是多方面因素促成的。
 那些超乎想象的真实故事，一件件的，以不同的方式呈现在我们眼前。过去，我们愤怒，揪心，哭喊。现在，终于有了抗争的契机，这一步走的太不容易。
 
 这一步，背后是无数女性的淋淋鲜血。
 人类社会的进步，代价总归是太大了。",0,0,0
Up Against,08-04,#I’ll be your voice# 一位母亲骇然发现，自己的双胞胎女儿在参加某收费不菲的夏令营时，被“教练”猥亵。“当米兔运动发生在媒体圈、大学里、甚至LQ寺，我承认自己有点小自私，有种作壁上观的感觉。因为觉得那是新闻里的事情，离自己还远，庆幸自己没遇到过……” 当性侵害成为二手烟，谁能完全幸免 ...全文,1,4,10
Aliceqq紫霞,08-04,最近热播的《延禧攻略》把里面的故事背景换到现在，毫无违和感，阿满被强奸遭遇荡妇羞辱死后仍然被污名化，当今社会不还是如此吗，米兔运动中勇敢站出来的女性遭受多方围攻，不幸遇害的女子得不到法律援助，施虐者却逍遥法外，大清亡了其内核始终阴魂不散,1,0,1
周健野谈,08-04,再大的新闻也就7天热度：假疫苗，没动静了；中国米兔运动，没动静了；XX寺大和尚，没动静了；曹远航，也会慢慢地离岸。 只有文艺界闹出屁大点儿的事，才会真正吸引人的眼球。毁三观，爱三俗，这已成为导向。,0,0,3
米兔运动与公益组织管理的个人化危机,08-04,"关于那不勒斯四部曲，总算把读完的想法梳理了一下，联系到最近的米兔运动，觉得是一种呼应。
 故事中两位女主人公的探索，她们在这种友谊的影响下的曲折的成长，对于自我的不断怀疑确认，这些都有别于男性的那种确凿，女性的成长受到太多的诱惑、投射，或者说规劝、示范，男人只有一条路，就是成为一个 ...全文",0,0,4
倪四月,08-04,【米兔运动与公益组织管理的个人化危机】在长达7年的时间里，邓飞控股的公司不当占有了这些原本该属于其发起的公益组织的财产。2018年6月19日，邓飞与章某某、姜某某将个人的公司所有股权转让给了邓飞担任法人代表的浙江省益农慈善基金会，公司转让价值是几百万还是几千万，以及如何评估出这个结果，目 ...全文,0,0,0
忽然想到这个与哪个,08-03,"这事如同其他骇人听闻的社会新闻一样，引起一阵激愤和讨伐之后就被迅速遗忘，并没有点燃什么东西。人心像是早就被烤成了灰烬，用手一捻，不过是多了一层灰。 （via.蒋方舟《我承认我不曾历经沧桑》）
 
 PS：感觉这句话可以适用中国的疫苗事件、性侵事件、米兔运动，各种事件。",90,14,129
青光楚辞,08-03,《她是「日本之耻」，更让世界蒙羞》从席卷欧美世界的米兔运动，再到前段时间章文事件引发的各界“动荡”，都说明了这世界看似充满阳光，仍有许多阴暗面存在。网页链接,0,0,2
多想想好事,08-03,"本周之内，因为数位女生选择站出来勇敢地袒露自己曾被性侵的经历并指控当事人，“米兔”运动终于在中国变成了一股真实的能量，从高校到公益界再到媒体圈，鼓励着更多的受害者为自己发声。
 性侵是怎么发生的 | 1700个关于性侵的故事 北京·三里屯VILLAGE南区",212,25,146
爆浆中子星,08-03,"在最近的米兔运动中，我关注到一篇相关文章（现已被删除），这篇文章是基于一次问卷调查中收集到的1700个真实的和性骚扰、性侵有关的故事组成。在这些故事里，女性是遭受侵害的绝对弱势群体，而她们中的绝大多数人在被侵犯的当下都选择了沉默。
 
 每一个故事都那么真实，又那么残酷，让人印象深刻。我希 ...全文",6,119,65
ffragrant,08-03,"|读书| 📖
 终于利用很多很多个地铁上的杂碎时间把「房思琪的初戀樂園」看完了，看的是繁体版，慢慢的读慢慢的感受。这是一本很丧的书，前半本看下来对社会原先的看法会崩塌，让人作呕又心疼至极。
 
 前段时间米兔运动风风火火，公益圈公知圈的性侵频频爆出，龙泉寺住持被举报，格式工整的95页pdf举 ...全文",0,1,17
祝羽捷,08-03,今天看到一句话：米兔运动到（猪jun），到极乐寺，然后就戛然而止了。果然，再轰烈烈的运动，斗不过权利。,83,13,196
地瓜儿苗,08-03,可是很多东西就是很迷。米兔运动带来的对于性骚扰界定、对于如何建立一个更加完善的法律制度、如何更好的保护人们免受这类伤害等一系列问题的讨论本来就是正常而且正确的。嘲讽这些讨论并觉得这些讨论是伤害米兔运动的想法真的难以理解。这里需要一个这样的制度，当然可以说“有”是优先的，但是“好” ...全文,0,7,8
Up Against,08-03,"到家了和老爸聊大天，给他普及起了米兔运动，条分缕析地说下来，才发现自己不知不觉已经记忆、理解和思考了那么多。老爸听着也很感兴趣，有时候会打断询问一些细节，让我能顺着这个问题把接下来的答案和更多细节引出来。我翘着尾巴琢磨，如果录下来都能写一篇不错的回顾综述了。
 
 这是我会强烈地感受到 ...全文",0,0,0
Aliceqq紫霞,08-03,今天在外网看到一个匿名短评认为非常有说服力，一针见血。后来细看想起来这是来自自己一年半之前针对性骚扰的理法评价，只是因为今天的米兔运动在搜索关键词时冒了出来。于是很自恋地开始感慨所谓“三观合”的不易--在面对现象时有着相似的聚焦点，并因此立论。立论后有着相似的的问题意识并针对性回应 ...全文,8,5,6
吃得很胖的日本代购,08-03,【米兔运动与公益组织管理的个人化危机】在长达7年的时间里，邓飞控股的公司不当占有了这些原本该属于其发起的公益组织的财产。2018年6月19日，邓飞与章某某、姜某某将个人的公司所有股权转让给了邓飞担任法人代表的浙江省益农慈善基金会，公司转让价值是几百万还是几千万，以及如何评估出这个结果，目 ...全文,0,3,5
澳大利亚SBS广播公司,08-03,希望争论国内米兔运动是不是矫枉过正的人好好研读下秦晖老师的书，比如《共同的底线》。我先读为敬了,0,1,4
非椭圆办公室,08-01,#米兔运动# 不要偷懒，学会保护自己。,0,0,2
孩纸我是你亲爹你知道吗,08-01,你是否有权利做某件事，和你做这件事是否理智，不是一个问题。当下米兔运动，有些田园女权已经严重跑偏，明知山有虎，偏向虎山行。就像某大V曝的事，某女收留男同事在家过夜，两个人躺在一张床上，半夜某女说脚凉就去掀男同事的被子，结果被男同事给办了。然后某女报警说强奸，我觉得警方不会采信，搁 ...全文,0,0,3
汉娜前后,08-01,大家都知道，最近因为米兔运动，蒋方舟等女性揭露了章文强奸性骚扰的丑闻，大部分公知最近都选择了装死狗避风头，都不出来主动发言了。因为公知圈性骚扰丑闻，导致美国在中国面临着无狗可用的尴尬局面。正当大家感叹“没有了公知造谣传谣，叽叽歪歪，这个世界终于清静了”的时候，一位清华大学毕业的美 ...全文,0,0,0
Carbonic-xtral,08-01,亲王玷污宫女非但不被降罪，还可以每日逍遥风光。真实的讽刺#米兔运动#,0,0,0
酸化切鸭,08-01,米兔运动里一些丑恶的男性和女性嘴脸真是看的我无奈 施害者罪大恶极当然是毋庸置疑 但是那些20多岁心智成熟的受害者才是我想要说说的 受害者有罪论肯定被很多人唾弃 但在我看来很多情境下的伤害都是可以避免的 女孩们无非是出于侥幸心理或者迫于男性所掌握的权利而被性侵（甚至有一些在我看来就是 ...全文,0,0,0
冷藏实验室,08-01,早晨和一个朋友争辩，因为他雇佣了染指米兔运动的男性作为公司中层，因为觉得他有才华，我大大不同意，坚持认为人品第一，没有人品也就充其量只是小聪明，何谈才华。作为女性，如果正在找工作和换工作，你愿意给曾经有性骚扰前科的人做下属吗？你觉得人品不好的人会有才华吗？,0,1,8
杰克船长jiejie,08-01,"回顾之前经常请吃饭的漂亮姐姐，并非只有被媒体大肆渲染的甜美小奶狗，米兔运动也是一条剧情主线，据理力争反被泼脏水，最后发配边远仓库，职位明升暗降 看密会的时候被安畔锡导演安利了拉赫马尼诺夫，这次选的配乐也很好听，话说腾讯买了好多韩剧ost版权。
 이남연 (李南延)《Up Against》 ...全文",0,23,5
夏蝉和西瓜,08-01,"老虎、苍蝇一起打，那么多的官关进去了。政治，经济，院校，宗教，传媒，医药……可以免吗？不可能，必须捋顺。以前是怎么打击官链的?所有关系，工作、生活，普通朋友，庇护方。反击幅度大，速度快。
 现在米兔整风运动起头而已。林林总总一起打，必定是血腥的实锤。",0,0,2
ice重生一直在,08-01,【米兔运动与公益组织管理的个人化危机】在长达7年的时间里，邓飞控股的公司不当占有了这些原本该属于其发起的公益组织的财产。2018年6月19日，邓飞与章某某、姜某某将个人的公司所有股权转让给了邓飞担任法人代表的浙江省益农慈善基金会，公司转让价值是几百万还是几千万，以及如何评估出这个结果，目 ...全文,0,1,0
天上的昵图,08-02,希望争论国内米兔运动是不是矫枉过正的人好好研读下秦晖老师的书，比如《共同的底线》。我先读为敬了,0,0,0
小小的荞麦花,08-02,#米兔运动# 不要偷懒，学会保护自己。,1,9,7
乌合之子,08-02,你是否有权利做某件事，和你做这件事是否理智，不是一个问题。当下米兔运动，有些田园女权已经严重跑偏，明知山有虎，偏向虎山行。就像某大V曝的事，某女收留男同事在家过夜，两个人躺在一张床上，半夜某女说脚凉就去掀男同事的被子，结果被男同事给办了。然后某女报警说强奸，我觉得警方不会采信，搁 ...全文,0,0,2
瑞记 的微博,08-02,大家都知道，最近因为米兔运动，蒋方舟等女性揭露了章文强奸性骚扰的丑闻，大部分公知最近都选择了装死狗避风头，都不出来主动发言了。因为公知圈性骚扰丑闻，导致美国在中国面临着无狗可用的尴尬局面。正当大家感叹“没有了公知造谣传谣，叽叽歪歪，这个世界终于清静了”的时候，一位清华大学毕业的美 ...全文,28,70,73
大宝小乖长肥了么,08-02,亲王玷污宫女非但不被降罪，还可以每日逍遥风光。真实的讽刺#米兔运动#,0,0,0
惡女逛大街,08-02,米兔运动里一些丑恶的男性和女性嘴脸真是看的我无奈 施害者罪大恶极当然是毋庸置疑 但是那些20多岁心智成熟的受害者才是我想要说说的 受害者有罪论肯定被很多人唾弃 但在我看来很多情境下的伤害都是可以避免的 女孩们无非是出于侥幸心理或者迫于男性所掌握的权利而被性侵（甚至有一些在我看来就是 ...全文,0,2,6
#女人的权力#,08-02,早晨和一个朋友争辩，因为他雇佣了染指米兔运动的男性作为公司中层，因为觉得他有才华，我大大不同意，坚持认为人品第一，没有人品也就充其量只是小聪明，何谈才华。作为女性，如果正在找工作和换工作，你愿意给曾经有性骚扰前科的人做下属吗？你觉得人品不好的人会有才华吗？,0,1,1
TheFatFace,08-02,"回顾之前经常请吃饭的漂亮姐姐，并非只有被媒体大肆渲染的甜美小奶狗，米兔运动也是一条剧情主线，据理力争反被泼脏水，最后发配边远仓库，职位明升暗降 看密会的时候被安畔锡导演安利了拉赫马尼诺夫，这次选的配乐也很好听，话说腾讯买了好多韩剧ost版权。
 이남연 (李南延)《Up Against》 ...全文",0,0,1
KnowYourself官微,08-02,"老虎、苍蝇一起打，那么多的官关进去了。政治，经济，院校，宗教，传媒，医药……可以免吗？不可能，必须捋顺。以前是怎么打击官链的?所有关系，工作、生活，普通朋友，庇护方。反击幅度大，速度快。
 现在米兔整风运动起头而已。林林总总一起打，必定是血腥的实锤。",0,0,7
取消确定不确定,08-02,"米兔运动【空境深度解读03】藤乃，你要是觉得痛的话，一定要说出来啊。 UP主：网易王三三
 #bilibili# 【空之境界03】藤乃，你觉得痛的话，一定要说出来 （哔哩哔哩客户端下载网页链接）",0,0,3
果子狸777,08-02,【中国的”米兔“运动之争】最近清华大学社会科学学院政治学系副教授刘瑜博士发表了她对Me Too运动的看法的文章，引起了新一轮争论。活跃的女权主义者刘满新撰文《性侵者的恶魔化与米兔揭示的撕裂》表达观点，点击链接收听对刘满新的采访：网页链接,0,0,3
李银河,08-02,米兔运动本来是女人维护自身权利的运动，核心是维护社会公平正义。在这一点，所有人都该支持米兔运动。但是，如果矫枉过正，泥沙俱下，完全以女人事后的感受作为判断是否骚扰的标准，那就突破了法律的基本公平正义。用错误的手段解决错误的现象，那还有什么意义？男人主导社会是无需多言的事实（这种主 ...全文,0,0,1
岚心若尘,08-02,我不觉得米兔和排卵有什么冲突，排卵说明女性可以正视自己的欲望，米兔不是守贞运动而是代表女性有去拒绝自己不要的性的权利。两者都只能说明女性变得更加自由，性解放不是单纯的性随便，而是每个人都有获得自己想要的性，也有拒绝不想要的性的自由，最重要的是每个人都有自己选择的权利,36,17,179
清华常江,08-01,在我看来，米兔运动无关性别或被侵害的程度、种类，根源在于对权力滥用的焦虑。性侵问题在当代的本质问题就是权力问题。而国内的现状，权利与权力的边界如此混乱不堪，加重了大家对最私隐的性权利的焦虑。,54,77,160
50名受害人自述性骚扰行为分析，米兔是否大鸣大放,07-31,逛联合书店发现了一个残忍的事实，曾经在联合书店官博看到的《民主的细节》，它的作者竟然就是这次米兔运动里那位「公知」刘瑜，肥肠难受了。,0,8,7
发呆的小甜饼,07-31,"枪毙发言一下
 既然按鲁迅先生说的中国人是折中的性格
 那么国内的米兔运动可以再激烈，反抗再激烈（其他同理）
 然后为了折中就会答应之前的要求
 【什么几把理论】",1,0,5
非椭圆办公室,07-31,"受害者有罪论和女性有罪论真的是恶臭好难过在这样一个社会环境下米兔运动还算过激吗 女权再激进也不为过吧
 一个女孩子被杀了谣言也不放过她 凭什么呀！对她怀有这么大恶意",2,8,24
马几克,07-31,"理性讨论洛杉矶唬人队是不是历史上强奸犯最多的篮球队？？
 1，老大带头强奸这个不说人人皆知
 2，老大甩锅沙克，沙克也干了说明沙克也是
 3，尼克杨致敬科比强奸然后付费和解
 4，第一詹吹师弟中学时就已经强奸
 5，卡尔马龙，虽然是被勾引，但瓦妮莎事后反悔，按照米兔运动标准马龙也是强奸犯。 ...全文",1,6,3
积极向丧,07-31,"虎扑这群男的平常各种有色玩笑，“我tm社保”“三年血赚五年不亏”，现在为了diss吴的粉丝竟然开始说“坐地排卵”不够优雅有文化。
 还有假装文化人说“我认为，中国的女性不该是这样的”“这伤害了米兔运动”的逼王男，而这男的对虎扑平时的低俗文化却是轻轻放过，说很正常。
 哇，女性为什么都得按他的 ...全文",7,9,6
龚钴尔,07-31,米兔运动、性侵跳楼、被前男友割喉、家暴等等，无一不暴露出女性生存的社会环境。除了咬紧牙关大声呼吁、互相提醒如何避免和人渣接触、尽量网络抱团取暖，好像我们什么也做不了。想到这些就难免很绝望。难道真的只能靠每个女人，增加智慧、增长见识、增强辨别是非的本领，以便认清人渣并快速脱身吗？,0,0,1
Think__Do,07-31,米兔运动中，谁一旦在社交媒体上被控诉有过性骚扰，任何人都可以诅咒践踏，无需调查与审判。米兔运动的武器——公开羞辱，这个古老但已被我们所废弃的刑罚，在21世纪卷土重来了。阅读全文请戳性骚扰：一场关于公开羞辱的卷土重来,0,0,6
到底要怎样aaaaaa,07-31,"鄢烈山的微博字字句句都透露出，性骚扰是一种正常行为，好像女性就应该受着这种委屈，要不你就辞职。没有反思出现这种性骚扰行为的扭曲环境反而视之为必然和平常，权力上层好像就应该支配和控制下层。米兔不就是为了打破这种思维模式和环境才兴起的吗？!
 米兔不是群众运动，是社会运动。",2,77,8
#I will be your voice#,07-31,"微博正文
 
 我想起那兔有句话 我们在这里守卫边疆，是为了祖国的亲们为了甜咸豆腐脑战上10页
 你们现在回去看，都还是清一色的【感动】【为种花家】，没人说【甜咸豆腐脑】不能战，真无聊。
 米兔运动的兴起与发衍，不就是为了当这些女粉丝说出这些话时，能够不被羞辱吗？这些女粉丝这么讲当然 ...全文",0,1,4
不是宏推大宏推,07-31,不知道为啥之前这条微博被屏蔽了看卢梭的《忏悔录》无意间发现卢梭在青少年时代遭遇男性性侵犯的事情，女总管和管理员的态度与嘴脸，不禁让我感到原来过了三个多世纪，人们对待性侵的态度丝毫没有改变啊！如果说之前我对米兔运动没有过分热情，那我现在只想说这个运动是具有划时代意义的，它宣告 ...全文,0,4,3
D会发光哦,07-31,民國九十四年就立了性騷擾防治法，現在都民國１０７年了…心好累！#米兔运动# #女人的权力#,0,0,0
心理咨询叶老师,07-31,在这个事件和米兔运动的影响下，日本110年后首次修改了相关法律，这让我很相信，不管现状有多糟糕，日本女性权益问题得到解决只是时间的问题。看完真是感叹发达国家和发展中国家的差距太悬殊了，因为类似的事件同样的运动，放在一个有十多亿人口并且民智未开的国家，换来的却是舆论的封锁和打压。,0,0,2
假面藤,07-30,#米兔运动#终于来中国了。在许多人争论这场运动的实质时，我们更关心的是，“性侵犯”究竟离我们有多远？是什么让发声如此困难？我们又能为受害者做些什么？这里是一份将近3万人参与的调查，希望它能帮你找到答案。沉默即共谋，不要做沉默的大多数，不要成为默许恶的共谋。,1,10,7
梨子酸酸,07-30,#米兔运动# 举国爆料，全民狂欢。,1,2,1
爱喝熙米露的宋胖6002,07-30,"垃圾垃圾垃圾！新闻界好欺负？你还好意思把汤案和米兔并列说，汤案不就是你们新闻舆论界，想看看能在司法那里搞到点油水而弄出来的吗？有胆子在公权眼皮子底下抢肉吃的人好欺负！？
 
 其次，把米兔运动无法触及官场来当作指责，指责被害女性的“懦弱”、“不公”？气到说不出话来，下贱东西！你后面洋 ...全文",0,1,0
喜灰灰姑娘,07-30,我回答了 @有空捡破烂 的问题，问题价值￥100.00，大家快来花1元围观~ 微博问答,1,3,3
"#my body,my right#",07-30,"这两天北京龙//船//寺95页PPT事件让米兔运动又掀起了一个高潮，我想起了我也曾经被要求男女双修，看着那位住持对比丘尼说的话，简直就是同一个套路。
 
 这位当事人自带光环，拥有很多头衔，在金融投资、企业管理、哲学思想、中西文化等领域都颇有斩获，我们这种普通人眼里只有膜拜的份。
 
 刚开始与对方 ...全文",0,0,2
男权麻麻,07-29,"#I’ll be your voice# 推荐阅读：《50名受害人自述性骚扰行为分析，米兔是否大鸣大放》，通过数据分析驳斥米兔运动在中国发展过热、冲淡了疫苗热点的观点。
 
 50名受害人自述性骚扰行为分析，米兔是否大鸣大放",0,3,6
老李滔滔不绝,08-01,"看了一条微博，觉得里面有一个观点说得很有道理。很多男人根本就不在意米兔运动，也不在乎女权不女权。他们甚至会说“中国有男女不平等吗？我没觉得啊”——归根到底，他们根本就没有去深入思考过性别歧视这个现象。
 
 分享一个例子：我的办公室有个男的发现了一篇绿帽文，里面男主他老婆被别的男人强j ...全文",0,2,2
作家二美,08-01,米兔运动必然会引起一些男人的反感，因为女性意识的崛起挑战了男权社会的秩序，让一些男人不舒服，更胖一些男人不能任性是否还记得北京某银行女职员被性骚扰的事件？摆平这件事背后的力量值得反思。抬头三尺有神明，对着自己的良心想一想，男人被米兔误伤和女人被职场骚扰，哪个更严重？恐怕根本不是一 ...全文,0,0,3
美国大兵净多,08-01,"第一张图展示了7月份米兔运动的战绩，打击目标主要在文化界，没有官员，没有宗教界人士，意识形态的最高权力完好无损，而能起到制衡最高权力的力量却相继倒下。在监控严格的当下，米兔运动是获得部分默许的。
 
 图二便是当前的状况，大土在逐个消灭对手。米兔运动不会导向平权，只会走向更严酷的独裁统 ...全文",0,0,2
阳明青年门徒会解救中心,08-01,据一个会算命的朋友说，2018年也许是很多人命运的一个转折点。想来想去最近确实发生了很多事，毛衣战，嫁移苗，米兔运动，就是觉得突然一下子发生了那么多事。而就身边人而讲，确实有很多朋友在这一年结婚生子，也有一些人的职场又面临着新的开始。也许真的是一个命运的转折点，而我们却浑然不知。,0,0,0
郴州 · 汝城县城郊乡,08-01,米兔运动天天爆出惊雷，照现在这个架势发展下去，长得不高的，兜里没钱的，长得不帅的，“七夕”节表白失败的……都会被无情地归入性骚扰，钉在历史的耻辱柱上,0,2,1
画风奇怪的喵星人,08-01,现在的米兔运动都集中在谴责和追缴具体犯案的个体，其实还需要谴责和追讨的是由无数个个体组成的，无形中助长和培养“男权泛滥/物化及矮化女性”的环境和价值观。看看中国那些影视作品、刊物、图片...，再看看中国的观众的附庸、随大流、人云亦云....又有几个不是帮凶呢？鉴于同样存在油腻女权（小奶狗 ...全文,0,0,0
柏忆,08-01,#I will be your voice# 恶心！极度恶心！米兔这一把火烧的好，该把这些人渣烧个干净。怎么敢生孩子？怎么敢生女儿？？？阿米兔佛！曾经还经常翻某人渣的微博，觉得颇有受益。现在想想真是愤怒恶心的想吐。想起自己幼时被性侵的经历，觉得万幸没留下什么心理阴影，然而愈发担忧潜在的影响可能比显性的 ...全文,1,5,13
湖边的风哥,08-01,"米兔运动发展到现在，似乎得出一个结论：只有一个女性参加的饭局不能去
 想起来人生当中参加过好几次唯我一人是女性的饭局有时高中同学聚会喊我毫不犹豫的就赴约去到才发现别的女生都没空也曾有我组同学聚会而只有一个男生出席的......可是、我们谁都没骚扰谁啊… ...全文",0,0,0
橘子走路,08-01,我发表了头条文章:《对于米兔运动的一些看法》 对于米兔运动的一些看法,0,4,4
#你国妇女儿童生活现状#,07-29,米兔运动风起云涌，各种大佬纷纷中枪，义愤填膺者有，暗自坏笑者有，但在我看来，其实都是弱智，如此简单的裤裆这点事，几千年来把人搞得这么痛苦，惨烈而严苛、普遍且深远，这不是弱智是什么？,0,3,6
橘子走路,2017-09-28,"米兔运动在中国，就像兔子一样任人宰割。
 但是兔子急了还咬人呢。",6,25,169
#你国妇女儿童生活现状#,2017-09-20,万万没想到米兔运动进行到现在，下一个被曝出来的是zhùchí。PDF被删，longquansi三个字也不能打，我佛慈悲。,0,1,0
隐形Benjamin,2017-09-01,"我希望
 米兔运动能向公务员行政事业队伍里延伸一下
 不是女权 没有直女癌 不奢望真的两性平等
 只是希望在严厉的权力体系下
 姑娘们都能没有心理负担的去工作
 不需要过分察言观色消耗人生
 其实这是个重灾区
 我实名 我不怕",0,0,0
空心菜头-加缪,2017-08-29,"1.感受到米兔运动的力量了，路过大学门口，一个姑娘举着一张男人肖像，上面写着XXX侵犯我#my body,my right#
 2.听了曾老师讲精神分析，接触越多越多越发现心理学的迷人之处#人人都需要了解点心理学知识#",35,38,80
刘沐之,2017-07-11,「男权运动白皮书」今后的工作重心放在舆论导向上。借着米兔运动来个全国大串联，同时借机制造冤假错案，降低该运动的公信力。,0,0,0
BlueJ薄荷,2017-07-10,"北京积水潭医院医患互殴，网传涉事医生为新浪微博百万大V，烧伤超人阿宝……
 哎，同样是大V，人家一整就是米兔运动，烧宝倒是与众不同，竟然是打架。不过我看了下新闻，止血钳不是手术上用的么？这看着就不是手术室啊？",0,0,0
是我的甜菜兴啊,2017-07-09,不要盲目崇拜名人#米兔运动#,0,0,0
Sukimiko,2017-06-22,"很多极端女权主义者在疯狂的为米兔站台，但是就在米兔的发源地——美国——这个运动给美国人民的什么印象呢？在米兔运动在美国发动半年之后，皮尤研究中心发布了一个共调查6251人的问卷调查报告，而报告显示：
 
 51%的美国人认为这个运动会让工作场所的男性与女性间的交往变得更加困难；
 36%的人认为在 ...全文",263,242,102
道系少女庄公子,2017-04-04,慕容雪村：每个成年男性都可能被这场运动波及，但扪心自问，我过去的行为难道就毫无瑕疵吗？在饭桌上、酒局中，乃至一些更私密的场合，我的某些言行是否曾让某位女性不适、厌烦、惊恐？如果有人将这些事说出来，而我因此被批評、嘲笑乃至惩处，这難道不是我应得的吗？但在此之外，米兔运动还有更重要的 ...全文,5,35,384
加拿大·温哥华,07-31,"就刚才跟几个同事讲起了龙quan寺的事情，聊着聊着就讲到了最近的米兔运动。结果没想到的是，我们一个男同事的回复竟然是对于那些xing侵者的羡慕。
 -“这叫有本事”“能搞那么多，这辈子也值了”……真特么
 -我反问了一句“你觉得这样说合适么？”
 -对方“我就说说，真开不起玩笑”
 玩 ...全文",2,8,24
太阳花花过家家,07-31,其实米兔运动现在开始，真正见效估计要几十年以后。耳濡目染的环境才最重要。也不是要女权吧，但从小扔给小女孩几本什么叶卡捷琳娜大帝则天女皇之类的书，长大就不太可能围着灶台转了（一个比喻，喜欢当家妇绝对没错！但前提是你真的知道自己喜欢什么，你有选择的权利,1,6,3
注注熊,07-31,米兔运动中，如果只是爆料、只是围观、只是宣泄，男性混乱期的危机、女性成长期的危机，是很难得到积极解决的。从心理发展的角度做分析，普及认知，才是建设性的。不然，大众对两性相处的认知，依然会是一地鸡毛🎣🎯 @清华常江,7,9,6
MITTY噗,07-31,文化对人的影响是深厚的，即便是那些我们并不认同、但却日日浸淫其中的文化。尊敬和尊重是不同的。尊重是基于两个人平等的地位，包含了相互性的要求——我们是不需要尊重那些不尊重我们的人的。但尊敬，本就暗示了权力地位的不对等。因为尊敬，我们会给对方一些特权，比如听一些自己并不爱听的话，表达 ...全文,0,0,1
换个昵称怎么这么难怎么也被占用,07-31,"在我们的文化中，有一种对于权威的敬重，还有一种“要与权威维护好关系”的礼仪。说的不好听一点，有时候存在一种“既媚且惧”的东西——我们不认为自己的人格与那些更有特权的人是完全平等/应该平等的。
 
 我们的社会倾向于认为具有更高的知识、更多的金钱和权力的人，可以获得一些道德上的豁免，用人 ...全文",0,0,6
氯化钠与超儿,07-31,呵呵，这米兔运动真是棒啊，一个个的德行和智商都现形了。,2,77,8
礜寙謣灪,07-31,晚上聊到米兔运动中的一个反例： 一位友人的大学老师被学生实名举报“X骚扰”，其实却并无恶迹。 事情的结果应该是查无对证，无疾而终，但是对于中国人，最重要的名声毁了，之后带来的道德陷落足够他痛苦承受的。 “乌合之众”的又一实例。 事情都是好的，走着走着也可能被利用成坏的。 谢谢， ...全文,0,1,4
贺先生的愚自乐园,07-31,"我支持米兔运动。
 
 我可以断言：米兔在中国必将以失败告终，因为我大清自有国情在此。
 
 但我仍然支持米兔，无条件支持。",0,4,3
#疯特了你们，全中国最会穿衣的男演员了，不会鼠来宝你们就这样挤兑他？#,07-31,"#米兔运动##西北大学 田霖##释学成# 米兔事件不管发酵到什么地步都没有上热搜榜。
 反而这个恋爱搞得一直在榜上。一会吃个饭，一会说个话。是包年了嘛。真是太恶心了。没作品考热搜刷存在。出道到现在就没这么出名过吧。
 虽然不是当事人。不能说出meto。但是特别有同理心。受害人没有任何错。错的是恶魔 ...全文",0,0,0
乌啦呸,07-31,在好几个米兔运动的微博评论里面 总有几个人满嘴喷粪 说什么这些女孩都是蹭热度 爽了就不敢说是强奸了 还不是乖乖当他们的情人？？🙃点开他们微博主页 不出所料 都是男性 并且大部分为中年男子 微博上除了指点国家江山外 还热衷美女街拍 🙃 wtf,0,0,2
清狂_爬墙且佛,07-31,"#私も# #わたしも#
 某外国友人对于米兔运动在中国传播形势的看法和美好祝福",1,0,5
BieDe别的女孩,07-31,"1. 武汉生物偶发性不合格。
 2. 全力督促长春长生检查。
 3. 因法规规定不能继续的米兔运动。
 4. 红黄蓝幼儿园事件。
 5. 澳洲检测中国假奶粉。
 6. 多种假药包括孕妇吃的叶酸。
 你让我如何爱你？
 你让我们如何在国门外的世界里自豪大声地说我们国家如何？
 人血馒头是高位者吃的东西。咱们老百姓只是看上 ...全文",2,8,24
黑肆writer,07-31,"建议去@清华常江 微博看看#米兔运动# 的案例，学会保护自己，特别是还在校未工作的孩子。尽量不赴单独又封闭环境的约会，如果遇到类似的问题要勇敢说不。
 
 我长那么大遇到过2次类似的事情:
 第一次是考驾照。
 一帮人要去外地考试，我当时才15岁。考试一帮人中有一个是某个镇的镇长，他带了司机来。晚上 ...全文",1,6,3
bleedingorange,07-31,看到有人说米兔运动主要为那些生性软弱资源不够能力不强的人发个声音，那倒是挺有道理。,7,9,6
谷凯,07-31,我想到了个骚主意 把“穿的那么骚不就是让人摸的吗”之类的被性侵者收到的智障言论印在各种衣服上 布料有多有少各种size各种颜色各种风格#米兔运动#,0,0,1
马几克,07-31,#米兔运动#女孩子要懂得保护自己，但是更重要的是男孩子从小就要懂得尊重女性。,0,0,6
想吃一点就飽,07-31,#我也是##米兔运动# 米兔的发声。来晚了。希望能有人看见。 所有字母均为男性。,2,77,8
不要逆向行驶,07-31,大家有空没空都可以去这个微博看看@清华常江 ，除去米兔运动本身，多看看那帮基层公务员，“伯伯”是怎么把小姑娘骗进圈套的，自己以后多警醒，多长个心眼。,0,1,4
舒舒舒舒舒生,07-31,"我感觉最近这氛围挺不好的，真的，长生/武汉生物没下文了。刘yu也被踢翻了。米兔被变形成了中国特色的整风运动。立场的战争就代表不必理性了。
 
 有点紧张，有点压抑，大家在撕娱乐圈一个流量红包。怎么说？我感觉隐隐有点不对，说不上哪里不对，但就是不对——哦！想起来了，没有预约煮粥！
 
 真是的， ...全文",0,4,3
山乡之变,07-31,蹭热点#米兔运动#我想写的是一个女性意识觉醒的故事，但好像有点幼稚——《胸有大志的女朋友》- 乌啦呸 | 豆瓣阅读网页链接,0,0,0
Stephanie__Young,2017-09-01,"半夜刷深夜书屋看到这一章。
 又想起第一弹事件神奇的反转。
 
 性侵是个无比严肃的问题，无论对站出来的受害者还是被指证的加害人皆是如此。
 米兔运动是对女性正当权利的争取，这样的发声任何时候都需要，我始终坚持这一点。
 然而绝不能被忽略的是事件的真相永远需要探究再探究，正因为它是这样严肃与重 ...全文",0,0,0
道系少女庄公子,2017-08-29,"#nightcap# 意为 “睡前那杯酒”，今天起「别的女孩」每晚都会在睡前和大家聊点儿别的。
 
 今天的话题是：米兔运动搞得好多男人抱怨 “都不知道怎么调情了”，女孩们怎么想？你是怎么分开调情和骚扰的？",35,38,80
加拿大·温哥华,2017-07-11,"“正如我一再强调的，“女性”并不构成一个分析的范畴，一个女人和另一个女人的差异可能比一个人和一只猴子的差异还要大。在性道德方面，当前在女性群体中仍存在着两极对立的标准。
 
 米兔运动令人迷惑的地方在于，原本是践行性自由的荡妇，但在检举揭发男性“性骚扰”或“性侵”的时候，全都不约而同地 ...全文",0,0,0
鑫儿呦YJL,2017-07-10,"米兔运动与“无罪推定”：一个澄清 网页链接 关于“无罪推定”为何并不可滥用于米兔，这篇文章写得逻辑非常清晰，我整理了一个略短的版本，就当自己做笔记了。
 
 “无罪推定”原则简单说就是，举证责任在原告，证据标准为“排除合理怀疑”（可简化理解为99%以上可信性）。但此原则仅适用于刑 ...全文",0,0,0
Ms-DLG,2017-07-09,这篇文章说：米兔运动令人迷惑的地方在于，原本是践行性自由的荡妇，但在检举揭发男性“性骚扰”或“性侵”的时候，全都不约而同地捡起了被他们唾弃为陈腐、过时的那一套性道德标准，也就是说，全都装起了良家妇女，恨不得在脑门上纹一个贞节牌坊。 好不容易争取到的做荡妇的权利，女权婊又亲手给毁掉了——女权主义者都...,0,0,0
举村杨,2017-06-22,“米兔”和“种花家的兔子”没有区别，都是兔（土），只不过前者是米国兔子而已。只有蒋方舟对章文奋力一击时，是有进步性的。27日起，原英文字符被禁，而“米兔”二字畅行无阻，已经暗示这场运动被暗地里的土能量所控制。至昨日我看到了玄武之象，7-22燃起的火，经假疫苗事件到米兔运动的转换，已消耗 ...全文,263,242,102
PiGke_HurT,2017-04-04,唯一让人开心的事就是有更多的人知道米兔运动 更多的人愿意站出来为自己发声 但是维权之路困难重重再加上政府一味压制(压制nmlgb 小声bb),5,35,384
想吃一点就飽,2017-01-30,"最近负能量的东西看的多了
 都有点厌食了
 米兔运动 ktv陪酒........
 更有甚者 卖什么不是卖 凭啥有高低贵贱之分的言论
 欧～",0,0,3
韩国me2day,2016-12-12,看了刘瑜对米兔运动的文章，很难相信是我印象中的她。现在想想，倒觉得刘瑜一直是刘瑜。,0,2,1
爱吃山竹2011,2016-10-12,米兔运动涉及到公知圈，对政府而言是一个机会，政府会用各种手段保护这些公知，交换条件是从此摇尾巴，公知们愉快地接受。连章文这种千夫所指的也不例外，一定会顺利逃过这一劫。,167,16,651
羊羽羊羽羊羽,2013-05-23,看网上米兔运动有感，文艺圈、公益圈是性侵高发地儿。综合看来，文艺青年不太靠谱，男的大多是男屌丝，打着公益的旗号骗色约炮，甚至直接性侵。文艺女青年也够呛，矫揉造作，无病呻吟。,20,2,5
吐皮M昊pp,2013-05-06,"头版头条都是 哪个明星有小三 哪个明星分手了 哪个明星结婚了……我们自己都过不好 干啥还去操心别人啊？他们结婚离婚恋爱分手嫖娼和我们有一毛钱关系吗？别来喷我谢谢。
 一开始风风火火一堆人的米兔运动 现在都看不到报道了。一开始让人撕心裂肺的虐童事件已经开始被遗忘了。还有多少事情我们老百姓只 ...全文",0,4,0
有米万事足,2013-03-29,沉默是沉默者的墓志铭。#米兔运动# 刑天舞干戚，明知不可为而为之。先驱们都是以一种热烈而悲壮的姿态争取我们的权利，这只是一个开端。[加油][加油][加油]女儿当自强,1,0,0
有米万事足,2013-02-23,"沸沸扬扬的疫苗事件渐渐没了声音
 米兔运动也逐渐沉默
 拼多多卖假甚嚣尘上
 下一个取代的又是什么
 很多事 只是结束
 究竟是 我们操控了舆论
 还是舆论控制了我们",0,0,0
有米万事足,2012-08-21,米兔运动的兴起有些人认为是某人特意发起的网络事件。其实我觉得如果没有大量的女性被性侵这个事实的存在，即使某人特意发起但结局一定是马上被其他事件湮灭！,72,11,0
米家MIJIA,2012-08-21,讲真，大家都在米兔的时候我还是觉得男性被性骚扰想要发声会更难被重视吧？#米兔运动#,8,2,0
韩国me2day,2012-03-02,唯一让人开心的事就是有更多的人知道米兔运动 更多的人愿意站出来为自己发声 但是维权之路困难重重再加上政府一味压制(压制nmlgb 小声bb),15,6,0
道系少女庄公子,2012-02-05,"减肥该怎么制定运动计划呢?米兔已经为你准备好了,快来Get吧!",12,7,0
加拿大·温哥华,2012-01-09,给老爸买了一个米兔定位电话，定位功能还是不错的，比较准确，但是运动轨迹不知道为什么需要有条件的显示，我和老人不住在一起，每当我去看望老人，这一天的运动轨迹是可以看到的，如果哪一天我没有去看望老人，那么这天的运动轨迹就休想看到。因此客服帮我换了一台，新电话依然有问题，前三天都是我使 ...全文,40,1,0
太阳花花过家家,2011-10-19,宝贝刚满4个月，希望6年后的今天也是背起小米儿童书包，手带米兔儿童手表，脚穿米家运动鞋，衣着米家服（校服被米家收购），高高兴兴上学去,0,9,0
注注熊,2016-10-12,@小米公司: #米粉特权# 开学第一天，一句话形容你的心情，你会说_______？我们准备了8款开学装备，有你喜欢的么？转评随机抽送5份，助你开启学霸模式。,167,16,651
MITTY噗,2016-09-27,#2PM# #2PM出道九周年快乐# 之前米兔发偶像运动会奖牌榜，都不带我们大下午班玩，说一个都没有，我今天就发一个，让她们打脸 我们虽然参加的不多，但是，我们可是野兽，拿奖还是可以的。cr.tagged 吐皮M昊pp的秒拍视频,0,0,0
换个昵称怎么这么难怎么也被占用,2016-09-17,马甲线训练day5⃣️：6点半起床，运动40分钟，等汗干洗澡带米兔去打预防针，见到一位我认为差不多的妈妈我问广锋我和她差不多吗？广锋回答你比她胖，好吧，继续再㓕点--99斤是总目标，这个月底争取到103斤！,1,1,28
氯化钠与超儿,2016-09-14,马甲线训练day4⃣️：早上7点起，运动40分钟[加油]注意力都在米兔身上了，从今起也要注意大女儿,254,168,3247
礜寙謣灪,2016-09-04,马甲线训练day3:早上6点多起运动一小时，汗流浃背，衣服湿透，今天上班12点到18点，11点米兔睡着我吃中饭，11点半出门，下午15点半奶涨回来喂20分钟，下午18点15分回到家，广锋给米兔洗澡，我吃晚饭，未吃完米兔已哭得脸黑完不给奶奶和爸爸衣服，赶紧冲水换衣服去给她穿衣，可怜我的宝贝，又困又饿又想 ...全文,19,312,735
贺先生的愚自乐园,2016-07-15,一直把你放在心上，所以想时刻知道你的方位。169元#米兔定位电话#，即时沟通守护你所爱，让Ta再也不迷路！看图回答『福利小问题』米兔定位电话可以在运动时代替手机吗？A 不可以 B 可以。转发+答题，6月25日抽一个答对的小伙伴，送出米兔儿童手表Q～,7,0,57
#疯特了你们，全中国最会穿衣的男演员了，不会鼠来宝你们就这样挤兑他？#,2016-06-24,"小长假结束,胖三斤也不用愁~米兔送上一组减肉塑形运动法,超级好用又方便,在哪里都可以做~",310,402,3344
乌啦呸,2016-06-23,"1. 武汉生物偶发性不合格。
 2. 全力督促长春长生检查。
 3. 因法规规定不能继续的米兔运动。
 4. 红黄蓝幼儿园事件。
 5. 澳洲检测中国假奶粉。
 6. 多种假药包括孕妇吃的叶酸。
 你让我如何爱你？
 你让我们如何在国门外的世界里自豪大声地说我们国家如何？
 人血馒头是高位者吃的东西。咱们老百姓只是看上 ...全文",14,12,501
清狂_爬墙且佛,2016-06-22,"建议去@清华常江 微博看看#米兔运动# 的案例，学会保护自己，特别是还在校未工作的孩子。尽量不赴单独又封闭环境的约会，如果遇到类似的问题要勇敢说不。
 
 我长那么大遇到过2次类似的事情:
 第一次是考驾照。
 一帮人要去外地考试，我当时才15岁。考试一帮人中有一个是某个镇的镇长，他带了司机来。晚上 ...全文",742,398,5159
Sukimiko,2013-07-30,看到有人说米兔运动主要为那些生性软弱资源不够能力不强的人发个声音，那倒是挺有道理。,2,1,1
道系少女庄公子,2013-07-24,我想到了个骚主意 把“穿的那么骚不就是让人摸的吗”之类的被性侵者收到的智障言论印在各种衣服上 布料有多有少各种size各种颜色各种风格#米兔运动#,0,5,0
加拿大·温哥华,2013-07-11,#米兔运动#女孩子要懂得保护自己，但是更重要的是男孩子从小就要懂得尊重女性。,1,1,0
太阳花花过家家,2013-07-08,#我也是##米兔运动# 米兔的发声。来晚了。希望能有人看见。 所有字母均为男性。,11,1,0
注注熊,2013-07-08,大家有空没空都可以去这个微博看看@清华常江 ，除去米兔运动本身，多看看那帮基层公务员，“伯伯”是怎么把小姑娘骗进圈套的，自己以后多警醒，多长个心眼。,2,0,0
MITTY噗,2013-06-18,"我感觉最近这氛围挺不好的，真的，长生/武汉生物没下文了。刘yu也被踢翻了。米兔被变形成了中国特色的整风运动。立场的战争就代表不必理性了。
 
 有点紧张，有点压抑，大家在撕娱乐圈一个流量红包。怎么说？我感觉隐隐有点不对，说不上哪里不对，但就是不对——哦！想起来了，没有预约煮粥！
 
 真是的， ...全文",33,9,18
换个昵称怎么这么难怎么也被占用,2013-06-18,蹭热点#米兔运动#我想写的是一个女性意识觉醒的故事，但好像有点幼稚——《胸有大志的女朋友》- 乌啦呸 | 豆瓣阅读网页链接,30,5,10
氯化钠与超儿,2013-06-08,"半夜刷深夜书屋看到这一章。
 又想起第一弹事件神奇的反转。
 
 性侵是个无比严肃的问题，无论对站出来的受害者还是被指证的加害人皆是如此。
 米兔运动是对女性正当权利的争取，这样的发声任何时候都需要，我始终坚持这一点。
 然而绝不能被忽略的是事件的真相永远需要探究再探究，正因为它是这样严肃与重 ...全文",0,4,0
礜寙謣灪,2013-05-23,"#私も# #わたしも#
 某外国友人对于米兔运动在中国传播形势的看法和美好祝福",20,2,5
贺先生的愚自乐园,2013-05-06,"1. 武汉生物偶发性不合格。
 2. 全力督促长春长生检查。
 3. 因法规规定不能继续的米兔运动。
 4. 红黄蓝幼儿园事件。
 5. 澳洲检测中国假奶粉。
 6. 多种假药包括孕妇吃的叶酸。
 你让我如何爱你？
 你让我们如何在国门外的世界里自豪大声地说我们国家如何？
 人血馒头是高位者吃的东西。咱们老百姓只是看上 ...全文",0,4,0